;;;;;;;;;;;;;x,,,,,,,,,,,,
opened_frontiers;Opened Frontiers;;;;;;;;;;;;;;;;;;;;;;;x;;;;,,,,,,,,,,,,
mineral_revolution;Mineral Revolution;;;;;;;;;;;;;;;;;;;;;;;x;;;;,,,,,,,,,,,,
EVTNAME6000;The Frontier is Lost;;;;;;;;;;;;;;;;;;;;;;;;;;;;;;;;;;;;;;;x;;;;;;;;;;;;;;;;;x;;;;;;;,,,,,,,,,,,,
EVTDESC6000;As we have lost our sparsely populated frontierlands and stature on the world stage, we will not longer be receiving immigrants in nearly the numbers we once did when ours was a land of opportunity. ;;;;;;;;;;;;;;;;;;;;;;;;;;;;;;;;;;;;;;;x;;;;;;;;;;;;;;x;;;;;;;,,,,,
EVT6000OPTA;Turn back the boat people.;;;;;;;;;;;;;;;;;;;;;;;;;;;;;;;;;;;;;;;x;;;;;;;;;;;;;;x;;;;;;;,,,,,,,,,,,,
EVTNAME6001;Rename the Mozambican Provinces;;;;;;;;;;;;;;;;;;;;;;;;;;;;;;;;;;;;;;;x;;;;;;;;;;;;;;;;;x;;;;;;;,,,,,,,,,,,,
EVTDESC6001;Mozambique is no longer Portugese, and as such should no longer bear a Portuguese name.;;;;;;;;;;;;;;;;;;;;;;;;;;;;;;;;;;;;;;;x;;;;;;;;;;;;;;x;;;;;;;,,,,,
EVT6001OPTA;Much better!;;;;;;;;;;;;;;;;;;;;;;;;;;;;;;;;;;;;;;;x;;;;;;;;;;;;;;x;;;;;;;,,,,,,,,,,,,
EVT6001OPTB;A bit of local flavour never hurt.;;;;;;;;;;;;;;;;;;;;;;;;;;;;;;;;;;;;;;;x;;;;;;;;;;;;;;x;;;;;;;,,,,,,,,,,,,
EVTNAME6002;Restoration of the Cape;;;;;;;;;;;;;;;;;;;;;;;;;;;;;;;;;;;;;;;x;;;;;;;;;;;;;;;;;x;;;;;;;,,,,,,,,,,,,
EVTDESC6002;We have retaken the Cape colony from the perfidious British. It is time to restore the proper names of these provinces.;;;;;;;;;;;;;;;;;;;;;;;;;;;;;;;;;;;;;;;x;;;;;;;;;;;;;;x;;;;;;;,,,,,
EVT6002OPTA;An auspicious day for the Afrikaner people.;;;;;;;;;;;;;;;;;;;;;;;;;;;;;;;;;;;;;;;x;;;;;;;;;;;;;;x;;;;;;;,,,,,,,,,,,,
EVTNAME6003;Settle Namibia?;;;;;;;;;;;;;;;;;;;;;;;;;;;;;;;;;;;;;;;x;;;;;;;;;;;;;;;;;x;;;;;;;,,,,,,,,,,,,
EVTDESC6003;We have established ourselves as a formidable regional power. Should we take the strategic Walvis bay in Namibia to prevent any European powers from challenging us?;;;;;;;;;;;;;;;;;;;;;;;;;;;;;;;;;;;;;;;x;;;;;;;;;;;;;;x;;;;;;;,,,,,
EVT6003OPTA;Inform the natives of their new overlords at once.;;;;;;;;;;;;;;;;;;;;;;;;;;;;;;;;;;;;;;;x;;;;;;;;;;;;;;x;;;;;;;,,,,,,,,,,,,
EVT6003OPTB;Let them have it if they wish, we've no use for that pathetic desert.;;;;;;;;;;;;;;;;;;;;;;;;;;;;;;;;;;;;;;;x;;;;;;;;;;;;;;x;;;;;;;,,,,,,,,,,,,
EVTNAME6004;The British Question;;;;;;;;;;;;;;;;;;;;;;;;;;;;;;;;;;;;;;;x;;;;;;;;;;;;;;;;;x;;;;;;;,,,,,,,,,,,,
EVTDESC6004;With our party's aggressively racialist and pro-Boer stance, the British population of our country has become apprehensive about what their status in the new order shall be.;;;;;;;;;;;;;;;;;;;;;;;;;;;;;;;;;;;;;;;x;;;;;;;;;;;;;;x;;;;;;;,,,,,
EVT6004OPTA;The time of retribution has come.;;;;;;;;;;;;;;;;;;;;;;;;;;;;;;;;;;;;;;;x;;;;;;;;;;;;;;x;;;;;;;,,,,,,,,,,,,
EVT6004OPTB;Strip them of their rights as first-class citizens.;;;;;;;;;;;;;;;;;;;;;;;;;;;;;;;;;;;;;;;x;;;;;;;;;;;;;;x;;;;;;;,,,,,,,,,,,,
EVT6004OPTC;We can forget the transgressions of the past.;;;;;;;;;;;;;;;;;;;;;;;;;;;;;;;;;;;;;;;x;;;;;;;;;;;;;;x;;;;;;;,,,,,,,,,,,,
EVTNAME6041;The Proposed Union Between ZAR and Oranje;;;;;;;;;;;;;;;;;;;;;;;;;;;;;;;;;;;;;;;x;;;;;;;;;;;;;;;;;x;;;;;;;,,,,,,,,,,,,
EVTDESC6041;In $YEAR$ Marthinus Pretorius and Paul Kruger, two of $COUNTRY$ most esteemed statement, have put forth the motion to the Volksraad that we propose a confederation between ourselves and the Oranje-Vrijstaat, so we may present a united front against all those who would threaten the sovereignty of Die Boere.;;;;;;;;;;;;;;;;;;;;;;;;;;;;;;;;;;;;;;;x;;;;;;;;;;;;;;x;;;;;;;,,,,,
EVT6041OPTA;Ja! Only when we Voortrekkers stand united can we be strong!;;;;;;;;;;;;;;;;;;;;;;;;;;;;;;;;;;;;;;;x;;;;;;;;;;;;;;x;;;;;;;,,,,,,,,,,,,
EVT6041OPTB;Geen! We do not need them, we are stronger on our own!;;;;;;;;;;;;;;;;;;;;;;;;;;;;;;;;;;;;;;;x;;;;;;;;;;;;;;x;;;;;;;,,,,,,,,,,,,
EVTNAME6005;The ZAR Proposes a Union;;;;;;;;;;;;;;;;;;;;;;;;;;;;;;;;;;;;;;;x;;;;;;;;;;;;;;;;;x;;;;;;;,,,,,,,,,,,,
EVTDESC6005;Our government has long been reluctant to join with the Zuid-Afrikaanische Republiek into a greater Voortrekker state, but given their prosperity, it may be best for our people to accept.;;;;;;;;;;;;;;;;;;;;;;;;;;;;;;;;;;;;;;;x;;;;;;;;;;;;;;x;;;;;;;,,,,,
EVT6005OPTA;The Voortrekkers will stand united.;;;;;;;;;;;;;;;;;;;;;;;;;;;;;;;;;;;;;;;x;;;;;;;;;;;;;;x;;;;;;;,,,,,,,,,,,,
EVT6005OPTB;It is the Orange 'Free' State for a reason. Decline their offer.;;;;;;;;;;;;;;;;;;;;;;;;;;;;;;;;;;;;;;;x;;;;;;;;;;;;;;x;;;;;;;,,,,,,,,,,,,
EVTNAME6006;The Orange Free State Declines!;;;;;;;;;;;;;;;;;;;;;;;;;;;;;;;;;;;;;;;x;;;;;;;;;;;;;;;;;x;;;;;;;,,,,,,,,,,,,
EVTDESC6006;Our counterparts in Oranje have declined to join the Zuid-Afrikaanische Republiek. Some in the Volksraad propose we forcefully incorporate the Oranje-Vrijstaat into the Republic for the greater good, others argue that such forceful action goes against the very freedoms we claim to uphold and will vigorously oppose such action. In either case the decision is sure to be controversial.;;;;;;;;;;;;;;;;;;;;;;;;;;;;;;;;;;;;;;;x;;;;;;;;;;;;;;x;;;;;;;,,,,,
EVT6006OPTA;The Union will proceed, whether the Oranje-Vrijstaat wants it or not.;;;;;;;;;;;;;;;;;;;;;;;;;;;;;;;;;;;;;;;x;;;;;;;;;;;;;;x;;;;;;;,,,,,,,,,,,,
EVT6006OPTB;In the name of freedom and self-determination, we should respect their decision.;;;;;;;;;;;;;;;;;;;;;;;;;;;;;;;;;;;;;;;x;;;;;;;;;;;;;;x;;;;;;;,,,,,,,,,,,,
EVTNAME6007;South Africa United;;;;;;;;;;;;;;;;;;;;;;;;;;;;;;;;;;;;;;;x;;;;;;;;;;;;;;;;;x;;;;;;;,,,,,,,,,,,,
EVTDESC6007;We now control all the rightful lands of South Africa. All must now recognize our indisputable dominion over the region.;;;;;;;;;;;;;;;;;;;;;;;;;;;;;;;;;;;;;;;x;;;;;;;;;;;;;;x;;;;;;;,,,,,
EVT6007OPTA;Wonderful.;;;;;;;;;;;;;;;;;;;;;;;;;;;;;;;;;;;;;;;x;;;;;;;;;;;;;;x;;;;;;;,,,,,,,,,,,,
EVTNAME6008;The Mineral Revolution;;;;;;;;;;;;;;;;;;;;;;;;;;;;;;;;;;;;;;;x;;;;;;;;;;;;;;;;;x;;;;;;;,,,,,,,,,,,,
EVTDESC6008;With the recent boom of the mining industry in our country, our economy has expanded greatly. While this has brought us prosperity, it has also fostered yet more division in our country. The difference between urban and rural has become more pronounced, and the natives resent being even further marginalized.;;;;;;;;;;;;;;;;;;;;;;;;;;;;;;;;;;;;;;;x;;;;;;;;;;;;;;x;;;;;;;,,,,,
EVT6008OPTA;The winds of modernity sweep through our lands.;;;;;;;;;;;;;;;;;;;;;;;;;;;;;;;;;;;;;;;x;;;;;;;;;;;;;;x;;;;;;;,,,,,,,,,,,,
EVTNAME6009;Solve the British Problem;;;;;;;;;;;;;;;;;;;;;;;;;;;;;;;;;;;;;;;x;;;;;;;;;;;;;;;;;x;;;;;;;,,,,,,,,,,,,
EVTDESC6009;The British have long been the enemies of our nation. The time has come to remove them.;;;;;;;;;;;;;;;;;;;;;;;;;;;;;;;;;;;;;;;x;;;;;;;;;;;;;;x;;;;;;;,,,,,
EVT6009OPTA;Extermination is our only option.;;;;;;;;;;;;;;;;;;;;;;;;;;;;;;;;;;;;;;;x;;;;;;;;;;;;;;x;;;;;;;,,,,,,,,,,,,
EVT6009OPTB;Perhaps we should reconsider.;;;;;;;;;;;;;;;;;;;;;;;;;;;;;;;;;;;;;;;x;;;;;;;;;;;;;;x;;;;;;;,,,,,,,,,,,,
EVTNAME6010;Rename Zululand-Natal;;;;;;;;;;;;;;;;;;;;;;;;;;;;;;;;;;;;;;;x;;;;;;;;;;;;;;;;;x;;;;;;;,,,,,,,,,,,,
EVTDESC6010;Natal is now in Afrikaner hands, it is time to give the provinces more fitting names.;;;;;;;;;;;;;;;;;;;;;;;;;;;;;;;;;;;;;;;x;;;;;;;;;;;;;;x;;;;;;;,,,,,
EVT6010OPTA;An auspicious day for the Afrikaner people.;;;;;;;;;;;;;;;;;;;;;;;;;;;;;;;;;;;;;;;x;;;;;;;;;;;;;;x;;;;;;;,,,,,,,,,,,,
EVTNAME6011;The Pioneer Column;;;;;;;;;;;;x,,,,,,,,,,,,,,,,,,,,,,
EVTDESC6011;The Pioneer Column was a force raised by General Jacobus Herculaas de la Rey and several prominent burghers in Pretoriain $YEAR$ and used in his efforts to annex the territory of Mashonaland. De la Rey was anxious to secure Matabeleland and Mashonaland before the Germans, Portuguese or British did. His first step was to persuade the Matabele King Lobengula to sign a treaty giving him rights to mining and administration (but not settlement as such) in the area of Mashonaland which was ruled by the King by use of coercion and murderous raids involved tribute-taking and abduction of young men and women. Using his Concession between De la Rey's Suid-Afrika Kolonial Company and Lobengula, he then sought and obtained a charter from the South African government allowing him to act. The column crossed the river Tuli into Matabeleland and halted at a naturally flat and marshy meadow bounded by a steep rocky hill, raising the Boer union flag.;;;;;;;;;;;;;x,,,,,,,,,,,,,,,,,,,,,,
EVT6011OPTA;An auspicious day.;;;;;;;;;;;;x,,,,,,,,,,,,,,,,,,,,,,
EVT6011OPTB;Frankly, we don't want it.;;;;;;;;;;;;x,,,,,,,,,,,,,,,,,,,,,,
EVTNAME6012;Naming the Zambezi Land;;;;;;;;;;;;x,,,,,,,,,,,,,,,,,,,,,,
EVTDESC6012;Now that we have conquered the lands around the Zambezi river, we need a proper name for the territory.;;;;;;;;;;;;x,,,,,,,,,,,,,,,,,,,,,,
EVT6012OPTA;After the Zambezi river, of course.;;;;;;;;;;;;x,,,,,,,,,,,,,,,,,,,,,,
EVT6012OPTB;After that Englishman who helped us settle it.;;;;;;;;;;;;x,,,,,,,,,,,,,,,,,,,,,,
EVT6012OPTC;After De la Rey, who conquered it!;;;;;;;;;;;;x,,,,,,,,,,,,,,,,,,,,,,
EVTNAME6013;Choosing our Capital;;;;;;;;;;;;x,,,,,,,,,,,,,,,,,,,,,,
EVTDESC6013;There are several major cities which can rightly claim to be the heart of our nation. Is it Capetown, known as Kaapstad to the Boers, where the first Dutch settlers made their home? Bloemfontein, the city of roses? Pietermaritzburg, one of the first settlements of the Voortrekkers? Pretoria, center of the Zuid-Afrikaanische Republiek? Or the quickly-growing boom town Johannesburg? Whichever we choose, large construction projects and improvement of infrastructure is sure to follow.;;;;;;;;;;;;x,,,,,,,,,,,,,,,,,,,,,,
EVT6013OPTA;Capetown;;;;;;;;;;;;x,,,,,,,,,,,,,,,,,,,,,,
EVT6013OPTB;Bloemfontein;;;;;;;;;;;;x,,,,,,,,,,,,,,,,,,,,,,
EVT6013OPTC;Pretoria;;;;;;;;;;;;x,,,,,,,,,,,,,,,,,,,,,,
EVT6013OPTD;Pietermaritzburg;;;;;;;;;;;;x,,,,,,,,,,,,,,,,,,,,,,
EVT6013OPTE;Johannesburg;;;;;;;;;;;;x,,,,,,,,,,,,,,,,,,,,,,
EVTNAME6014;Africa for Africans;;;;;;;;;;;;x,,,,,,,,,,,,,,,,,,,,,,
EVTDESC6014;One of the parties that have as part of their agenda, the belief in full citizenship for all no matter one's race, has taken power in the Volksraad. They intend to bring the native peoples back into public life, and are pushing radical programs to do so. Restrictions on blacks in urban areas and on their holding of public sector jobs will be immediately abolished. Self-governing zones in the style of Native-American reservations are to be designated, such as the Xhosaland, where whites will be expelled from governmental positions in favor of the natives. In the longer-term, economic aid and educational preference will be given to Africans to help them catch up to the standard of the rest of the country. The presence of many Xhosa and Zulus in the party administration is very worrying to the more conservative elements of our society, and some say the new government plans the destruction of white peoples in Africa.;;;;;;;;;;;;x,,,,,,,,,,,,,,,,,,,,,,
EVT6014OPTA;To be a modern nation, we must be inclusive of all people in our borders.;;;;;;;;;;;;x,,,,,,,,,,,,,,,,,,,,,,
EVT6014OPTB;This is absurd! The military must end this charade, immediately.;;;;;;;;;;;;x,,,,,,,,,,,,,,,,,,,,,,
EVTNAME6015;Purifying $COUNTRY$;;;;;;;;;;;;x,,,,,,,,,,,,,,,,,,,,,,
EVTDESC6015;Since its founding, the Volkstaat, true to its name, has been a nation explicitly for the Boer people. Our current government wants to continue this mission through the complete reduction of the native African populations within our lands. There are three proposals in the Volksraad to achieve this goal. The first, and most popular among less hardline groups, is to displace them all into the former Matabeleland regardless of their tribal and ethnic divisions, and appoint civil administrators to watch over them. The more extreme proposal introduced by the current government is for outright killing, with 'Spesiale Aksiegroepe' being deployed to raid and destroy native villages. Both are sure to be time-consuming and expensive, as well as damaging to our internation reputation. But, it must be done.;;;;;;;;;;;;x,,,,,,,,,,,,,,,,,,,,,,
EVT6015OPTA;Implement the harliners' plan, these people have always been our enemies.;;;;;;;;;;;;x,,,,,,,,,,,,,,,,,,,,,,
EVT6015OPTB;Displacement seems most practical.;;;;;;;;;;;;x,,,,,,,,,,,,,,,,,,,,,,
EVT6015OPTC;We should wait and see how things develop, stall the Volksraad.;;;;;;;;;;;;x,,,,,,,,,,,,,,,,,,,,,,
EVT6015OPTD;We cannot allow this to happen. Veto the bill entirely and issue a gag order on the matter.;;;;;;;;;;;;x,,,,,,,,,,,,,,,,,,,,,,
EVTNAME6016;Native Removal.;;;;;;;;;;;;x,,,,,,,,,,,,,,,,,,,,,,
EVTDESC6016;Our plan to remove the Xhosa, Zulu, Nguni, and other bothersome tribes continues as planned. Another province have been cleared.;;;;;;;;;;;;x,,,,,,,,,,,,,,,,,,,,,,
EVT6016OPTA;'N land vir ons met rus.;;;;;;;;;;;;x,,,,,,,,,,,,,,,,,,,,,,
EVTNAME6017;Native Extermination.;;;;;;;;;;;;x,,,,,,,,,,,,,,,,,,,,,,
EVTDESC6017;Our plan to remove the Xhosa, Zulu, Nguni, and other bothersome tribes continues as planned. Another province have been cleared.;;;;;;;;;;;;x,,,,,,,,,,,,,,,,,,,,,,
EVT6017OPTA;'N land vir ons met rus.;;;;;;;;;;;;x,,,,,,,,,,,,,,,,,,,,,,
EVTNAME6018;Fertile Lands of the Transvaal;;;;;;;;;;;;x,,,,,,,,,,,,,,,,,,,,,,
EVTDESC6018;The Transvaal is named for the Vaal river which runs along its southern border. 'Vaal' is the Boer translation of the Khoikhoi name 'Tky-Gariep', meaning 'dull river', referring to the coloration produced by the silt the waters carry in the flood season. The minerals in this silt make the soil fertile, and increase crop yields. Thanks largely to such rivers flowing through it, and the mild climate of the area, the Transvaal is very hospitable.;;;;;;;;;;;;x,,,,,,,,,,,,,,,,,,,,,,
EVT6018OPTA;'N Pragtige land.;;;;;;;;;;;;x,,,,,,,,,,,,,,,,,,,,,,
EVTNAME6019;Boer Commandos;;;;;;;;;;;;x,,,,,,,,,,,,,,,,,,,,,,
EVTDESC6019;On the Cape frontier in the 18th century, a system of local defense emerged wherein all men in a community between 16 and 60 were obliged to join an armed militia called a 'commando' when called upon, much in the manner of American 'minutemen'. Generally many of the people in a commando were related, as Trek groups were often made up of extended family clans travelling and settling together. The commandant of a commando group was elected by popular vote, and his authority generally rested almost entirely on the force of his personality. Despite the disorganized and undisciplined nature of Boer forces in this period, their methods proved very effective against both natives and the British. The local and familial nature of the commando provided a very motivated force, and the Trekkers were masters of fieldcraft. The Boers made extensive use of skirmishing tactics, with riflemen often harrying enemy forces with stunningly accurate fire from the saddle.;;;;;;;;;;;;x,,,,,,,,,,,,,,,,,,,,,,
EVT6019OPTA;Fitting warriors for our nation.;;;;;;;;;;;;x,,,,,,,,,,,,,,,,,,,,,,
EVTNAME6020;The Burgerkryg;;;;;;;;;;;;x,,,,,,,,,,,,,,,,,,,,,,
EVTDESC6020;Disputes in the fractitious Zuid-Afrikaanische Republiek came to a head when president of the ZAR Martinus Pretorius was elected president of the Oranje Free State as well. The constitution forbade holding foreign office, so the Volksraad granted Pretorius half a year's leave and appointed Johannes Grobler as acting president and hoped for a resolution. Pretorius elected to give up his presidency of the ZAR, and acting president Grobler remained. Many of the townsmen, called Burgers, in the Transvaal were extremely dissatisfied with the Volksraad's handling of the constitutional crisis. They gave their support to Commandant-General Stephanus Schoeman, the "Stormvogel den Noorden", Stormbird of the North, so-called due to his red hair and fiery temperment. Schoeman attempted to remove Grobler and proclaimed himself president. Conflict erupted when the Volksraad declared Schoeman's faction to be rebels in $YEAR$. The commander-in-chief Paul Kruger, backed by the Volksraad, led the 'state army' in several skirmishes against the rebels.;;;;;;;;;;;;x,,,,,,,,,,,,,,,,,,,,,,
EVT6020OPTA;Schoeman is forced out, hold elections.;;;;;;;;;;;;x,,,,,,,,,,,,,,,,,,,,,,
EVT6020OPTB;Schoeman becomes president, the Volksraad steps down.;;;;;;;;;;;;x,,,,,,,,,,,,,,,,,,,,,,
EVTNAME6021;The Afrikaner Church;;;;;;;;;;;;x,,,,,,,,,,,,,,,,,,,,,,
EVTDESC6021;Descended from the Dutch Calvinists, the church of the Boers was molded by their unique experiences and surroudings. French Huguenots and German Lutheran missionaries were early influences on the church in Africa, leading to it growing apart from its continental parent. This history is essential to understanding the distinctive concept of "calling" that developed among the Afrikaners. These attitudes, very early adopted, went with them through later conflicts, formed in a way that seemed to them obviously crafted by the hand of God Himself. They believed themselves preserved by God's own wisdom and Providence. The things they suffered, and the strong bonds between them that were formed through it all, seemed to confirm this idea at every turn. Their history as a people has a central place in forming the Boer religion. In this way, a distinctive folk character became attached to their Calvinistic beliefs.;;;;;;;;;;;;x,,,,,,,,,,,,,,,,,,,,,,
EVT6021OPTA;Promote these teachings.;;;;;;;;;;;;x,,,,,,,,,,,,,,,,,,,,,,
EVT6021OPTB;Too unorthodox.;;;;;;;;;;;;x,,,,,,,,,,,,,,,,,,,,,,
EVTNAME6100;Little Rome;;;;;;;;;;;;x,,,,,,,,,,,,,,,,,,,,,,
EVTDESC6100;The town of Asmara first began to grow in importance when it governor Martini made it the capital over Massawa. A railway to the coast passing through Ghinda, built under the direction of Carlo Cavanna, allowed easy access to Asmara and helped kick off an economic boom. Many Italians immigrated to Asmara, and it soon took on a distinctly Italian character. Due to the age and frailty of many of the city's old buildings, along with two earthquakes, the city essentially had to be rebuilt from the ground up. It was remade in the image of contemporary Italy, and many projects were undertaken to "experiment with radical new designs" in architecture. By 1939, Asmara had a population 93000, of which 58000 were Italian. The city took on a distinctly Italian character, and became known as "Picolla Roma", "Little Rome".;;;;;;;;;;;;x,,,,,,,,,,,,,,,,,,,,,,
EVT6100OPTA;Avanti Italia!;;;;;;;;;;;;x,,,,,,,,,,,,,,,,,,,,,,
EVTNAME6101;Tripoli Grand Prix;;;;;;;;;;;;x,,,,,,,,,,,,,,,,,,,,,,
EVTDESC6101;Early motorsports were embraced enthusiastically by many Italians, perhaps due to the country being home to many producers of high-performance automobiles. Trying to capitalize on this popularity, the colonial government of Italian Tripolitania sponsored the Tripoli grand prix, in the hopes that it would bring tourism and consequently, lead to more Italians settling there. The grand prix soon ran into financial trouble and was nearly cancelled. However, the president of Tripoli's auto club, Egidio Sforzini, had a state-of-the-art 13 kilometer track built with a grandstand that could hold 10000 people, and amenities to rival any course in Europe. The Tripoli Grand Prix rebounded to became one of the biggest racing events in the world, and saw several renowned racing greats such as Achille Varzi and Hermann Lang on its track.;;;;;;;;;;;;x,,,,,,,,,,,,,,,,,,,,,,
EVT6101OPTA;Il Bisogno di Velocità;;;;;;;;;;;;x,,,,,,,,,,,,,,,,,,,,,,
EVTNAME6022;Voorste Mense;;;;;;;;;;;;x,,,,,,,,,,,,,,,,,,,,,,
EVTDESC6022;Before great numbers of Boers departed from the Cape on the Great Trek, there were a few brave souls who ventured into the interior of Southern Africa in small groups and founded communities far from any colonial authority. One such settlement was Zoutpansbergdorp, "Saltpan Mountain Village", founded by exiled farmer Louis Tregardt, soon joined by the clans of Hendrik Potgieter and Hans van Rensburg. These early Voortrekkers were known as "Voorste Mense", "First men". Even prior to these pioneers was Coenraad de Buys, a mysterious figure who fled the Cape in 1795, and by the time the Trekkers encountered him near Zoutpansberg, he was patriarch of a "half-caste clan" of several hundred people, many his own children by local women. These mountain communities remained very insular from both the natives and the Boer republics, and were not properly integrated into the Zuid-Afrikaanische Republiek until the Transvaal Civil War.;;;;;;;;;;;;x,,,,,,,,,,,,,,,,,,,,,,
EVT6022OPTA;A promised land in the wilderness.;;;;;;;;;;;;x,,,,,,,,,,,,,,,,,,,,,,
EVTNAME6023;The Mfecane;;;;;;;;;;;;x,,,,,,,,,,,,,,,,,,,,,,
EVTDESC6023;The Mfecane, meaning "The Crushing" or "The Scattering", was a period started by the rapid expansion of the Zulu kingdom, pushing other tribes in search of new land and into conflict with their neighbours. One such group was the Matabele, who came to dominate the area that was to become the Transvaal. To eliminate all opposition, the Matabele king ordered widespread killing and devastation on the native tribes. The death toll is estimated to be as high as two million, and the region was nearly entirely depopulated for years. Many of the natives near our settlements have been affected by this tribal conflict and consequent famine, as we neither offer nor could provide them protection.;;;;;;;;;;;;x,,,,,,,,,,,,,,,,,,,,,,
EVT6023OPTA;This hardly concerns us.;;;;;;;;;;;;x,,,,,,,,,,,,,,,,,,,,,,
EVTNAME6024;Incorporating Zoutpansberg;;;;;;;;;;;;x,,,,,,,,,,,,,,,,,,,,,,
EVTDESC6024;Zoutpansberg and its surrounding communities have long been independent of outside authority, mostly due to their relative isolation. Now that we have centralized power in the area, they have little choice but to join our nation.;;;;;;;;;;;;x,,,,,,,,,,,,,,,,,,,,,,
EVT6024OPTA;Very good.;;;;;;;;;;;;x,,,,,,,,,,,,,,,,,,,,,,
EVTNAME6025;Cattle Killing;;;;;;;;;;;;x,,,,,,,,,,,,,,,,,,,,,,
EVTDESC6025;In $YEAR$, a disease spread through the cattle of the Xhosa. Widespread cattle deaths resulted, and it was believed that the deaths were caused by ubuthi, or witchcraft. One Xhosa girl named Nongqawuse claimed she had met three spirits in the bushes, and that they had told her that all cattle should be slaughtered, and their crops destroyed. After the destruction, dead Xhosa would return and help expel the whites, and the ancestors would bring cattle with them to replace those that had been killed. However, the ancestors did not return, and the Xhosa quickly began to starve. Some fled to the British, and plead for help. In some areas, the practice of ritual cattle-killing and crop destruction lasted for several years. By the time it had fully ended, as many as 75000 Xhosa were dead, and the nation was more dependent on the British than ever.;;;;;;;;;;;;x,,,,,,,,,,,,,,,,,,,,,,
EVT6025OPTA;A dark day for our people.;;;;;;;;;;;;x,,,,,,,,,,,,,,,,,,,,,,
EVTNAME6026;Cattle Killing;;;;;;;;;;;;x,,,,,,,,,,,,,,,,,,,,,,
EVTDESC6026;In $YEAR$, a disease spread through the cattle of the Xhosa. They believed this was caused by witchcraft, and a young Xhosa girl came forward with a prophecy that if all the cattle were killed and all their crops destroyed, ancestor spirits would return from the dead and provide great prosperity. This of course failed to materialize, and many thousands of Xhosa are now starving to death. Many among them plea for our help. We could alleviate their suffering somewhat, or allow the famine to continue and weaken the Xhosa, to seize their lands for ourself. Either way, settlers are moving into now-desolate areas, and the Xhosa are almost entirely under our thumb.;;;;;;;;;;;;x,,,,,,,,,,,,,,,,,,,,,,
EVT6026OPTA;They will soon be our subjects, we must help!;;;;;;;;;;;;x,,,,,,,,,,,,,,,,,,,,,,
EVT6026OPTB;Capitalize on this opportunity.;;;;;;;;;;;;x,,,,,,,,,,,,,,,,,,,,,,
EVTNAME6027;Cross-border Raiding;;;;;;;;;;;;x,,,,,,,,,,,,,,,,,,,,,,
EVTDESC6027;The traditional mode of warfare for the tribes of Southern Africa was small-scale raiding for plunder and livestock. As opposed to the total, state-against-state warfare of Europe and Asia, conflict in South Africa was usually quite limited. There was an element of ritual to these clashes, as they were mostly intended for posturing and the satisfaction of honor. Being neighbors of these people, cattle rustlers occasional make their way over the border. In a recent incident, a small band of warriors came upon a hamlet and killed several farmers before making off with their cattle. We are now in a position where other civilized nations would consider an invasion eminently justifiable, or we could simply make some demands for the reparation of damages inflicted by the raiders.;;;;;;;;;;;;x,,,,,,,,,,,,,,,,,,,,,,
EVT6027OPTA;We must bring order to these savages.;;;;;;;;;;;;x,,,,,,,,,,,,,,,,,,,,,,
EVT6027OPTB;Simply demand repayment.;;;;;;;;;;;;x,,,,,,,,,,,,,,,,,,,,,,
EVTNAME6031;Petition Portugal For Access to Their Ports;;;;;;;;;;;;x,,,,,,,,,,,,,,,,,,,,,,
EVTDESC6031;Our young nation of $COUNTRY$ sits at a disadvantage in trade with no access to the sea, not to mention the difficulty for potential immigrants have in reaching us to help settle our new frontiers; however Portugal has a colony right next door on the coast of Mozambique.  Perhaps we can strike a deal with Portugal where they will allow us access to their ports so we may better facilitate trade and immigration.;;;;;;;;;;;;x,,,,,,,,,,,,,,,,,,,,,,
EVT6031OPTA;Let us contact Portugal;;;;;;;;;;;;x,,,,,,,,,,,,,,,,,,,,,,
EVTNAME6032;Port treaty with Transvaal?;;;;;;;;;;;;x,,,,,,,,,,,,,,,,,,,,,,
EVTDESC6032;We have received a communiqué from the South African Republic asking for access to our port in Lourenço Marques, they have even offered to financially compensate us directly as well as pay for all infrastructure connections from our port to their border.  Should we go through with this deal and allow their merchants direct access to our port?;;;;;;;;;;;;x,,,,,,,,,,,,,,,,,,,,,,
EVT6032OPTA;This will benefit us both, we agree!;;;;;;;;;;;;x,,,,,,,,,,,,,,,,,,,,,,
EVT6032OPTB;This will weaken our control over the region, we refuse!;;;;;;;;;;;;x,,,,,,,,,,,,,,,,,,,,,,
EVTNAME6033;Portugal has accepted our port access proposal;;;;;;;;;;;;x,,,,,,,,,,,,,,,,,,,,,,
EVTDESC6033;With Portugal's acceptance of our offer, not only do we now have limited access to the sea trade routes of the world, but the new treaty of access has interested Dutch investors to create The Netherlands-South African Railway Company (Nederlandsche-Zuid-Afrikaansche Spoorwegmaatschappij) to build the railroad from our capital to the port, our own government is all too glad to put up the money for their share.  No doubt the economic benefits will easily outweigh the relatively insignificant startup costs.;;;;;;;;;;;;x,,,,,,,,,,,,,,,,,,,,,,
EVT6033OPTA;Excellent! This will be a boon to the ZAR!;;;;;;;;;;;;x,,,,,,,,,,,,,,,,,,,,,,
EVTNAME6034;Portugal Has Refused!;;;;;;;;;;;;x,,,,,,,,,,,,,,,,,,,,,,
EVTDESC6034;It looks like the foolish nation of Portugal cannot see the benefit of closer political relations with $COUNTRY$ through giving us access to their ports and the economic benefits it would bring.  They are too blinded by their own short-sighted colonial ambitions!  We may be too weak to do anything but protest, yet on the other hand, we may have just enough strength that we can take the port by force from it's current distant masters.;;;;;;;;;;;;x,,,,,,,,,,,,,,,,,,,,,,
EVT6034OPTA;There isn't anything we can do about it right now.;;;;;;;;;;;;x,,,,,,,,,,,,,,,,,,,,,,
EVT6034OPTB;If they will not give us access, then we will take the port by force!;;;;;;;;;;;;x,,,,,,,,,,,,,,,,,,,,,,
EVTNAME6035;We Finally Have Our Own Port;;;;;;;;;;;;x,,,,,,,,,,,,,,,,,,,,,,
EVTDESC6035;For years our nation had to depend on limited access through the Portuguese port of Lourenço Marques, but now we have our own direct access to the sea.  This is a great day for $COUNTRY$!;;;;;;;;;;;;x,,,,,,,,,,,,,,,,,,,,,,
EVT6035OPTA;The trade goods must flow!;;;;;;;;;;;;x,,,,,,,,,,,,,,,,,,,,,,
EVTNAME6036;Petition for port access at Durban;;;;;;;;;;;;x,,,,,,,,,,,,,,,,,,,,,,
EVTDESC6036;Our young nation of $COUNTRY$ sits at a disadvantage in trade with no access to the sea, not to mention the difficulty for potential immigrants have in reaching us to help settle our new frontiers; however the port at Durban isn't far away, let us petition the port owners for access in the name of international cooperation and closer relations.;;;;;;;;;;;;x,,,,,,,,,,,,,,,,,,,,,,
EVT6036OPTA;Have our ambassador arrange a meeting.;;;;;;;;;;;;x,,,,,,,,,,,,,,,,,,,,,,
EVTNAME6037;Allow Oranje to have open access to our ports?;;;;;;;;;;;;x,,,,,,,,,,,,,,,,,,,,,,
EVTDESC6037;Our embassy in the $FROM_COUNTRY$ informed us that they would like to request direct access to our port in Durban for their merchants.  This is an opportunity for us to establish closer trade and diplomatic relations with their nation, but there is always the risk the new competition may hurt the prosperity of our own merchants, shall we allow Oranje access to our ports?;;;;;;;;;;;;x,,,,,,,,,,,,,,,,,,,,,,
EVT6037OPTA;The benefits greatly outweigh the drawbacks, we accept!;;;;;;;;;;;;x,,,,,,,,,,,,,,,,,,,,,,
EVT6037OPTB;Keep them isolated, keep them weak, we refuse!;;;;;;;;;;;;x,,,,,,,,,,,,,,,,,,,,,,
EVTNAME6038;$FROM_COUNTRY$ has accepted our port access proposal;;;;;;;;;;;;x,,,,,,,,,,,,,,,,,,,,,,
EVTDESC6038;With the $FROMCOUNTRY_ADJ$ acceptance of our offer, not only do we now have limited access to the sea trade routes of the world, but the new treaty of access has interested Dutch investors to create The Netherlands-South African Railway Company (Nederlandsche-Zuid-Afrikaansche Spoorwegmaatschappij) to build the railroad from our capital to the border, our own government is all too glad to put up the money for their share of the cost.  No doubt the economic benefits will easily outweigh the relatively insignificant startup costs.;;;;;;;;;;;;x,,,,,,,,,,,,,,,,,,,,,,
EVT6038OPTA;Excellent! Good times ahead!;;;;;;;;;;;;x,,,,,,,,,,,,,,,,,,,,,,
EVTNAME6039;$FROM_COUNTRY$ has Refused!;;;;;;;;;;;;x,,,,,,,,,,,,,,,,,,,,,,
EVTDESC6039;It looks like the arrogant $FROMCOUNTRY_ADJ$ rather keep us down than see the economic benefits of allowing $COUNTRY_ADJ$ access to their ports.  We will not soon forget this slight against our people.;;;;;;;;;;;;x,,,,,,,,,,,,,,,,,,,,,,
EVT6039OPTA;Someday we will throw off the $FROMCOUNTRY_ADJ$ yoke once and for all.;;;;;;;;;;;;x,,,,,,,,,,,,,,,,,,,,,,
EVTNAME6040;We Finally Have Our Own Port;;;;;;;;;;;;x,,,,,,,,,,,,,,,,,,,,,,
EVTDESC6040;For years our nation had to depend on limited access through the British port at Cape Town, but now we have our own direct access to the sea.  This is a great day for $COUNTRY$!;;;;;;;;;;;;x,,,,,,,,,,,,,,,,,,,,,,
EVT6040OPTA;Let the goods and immigrants flow!;;;;;;;;;;;;x,,,,,,,,,,,,,,,,,,,,,,
EVTNAME6042;Diamonds found in Klerksdorp!;;;;;;;;;;;;x,,,,,,,,,,,,,,,,,,,,,,
EVTDESC6042;The story of diamonds in $COUNTRY$ began between December 1866 and February 1867 when 15-year-old Erasmus Jacobs found a transparent rock on his father's farm, on the south bank of the Orange River. Over the next few years, the various provinces of Southern Africa would yielded more diamonds than India had in over 2,000 years.;;;;;;;;;;;;x,,,,,,,,,,,,,,,,,,,,,,
EVT6042OPTA;This will change everything.;;;;;;;;;;;;x,,,,,,,,,,,,,,,,,,,,,,
EVTNAME6043;Gold has been discovered in Nylstroom!;;;;;;;;;;;;x,,,,,,,,,,,,,,,,,,,,,,
EVTDESC6043;The transformation of $COUNTRY$ economy from a purely agricultural one continues as gold have been discovered near the town of Lydenburg in the year $YEAR$ after nearby natives have shown their various gold workings to the Boers of Zoutpansberg. These new mines are the first to be worked by Europeans south of the Limpopo.;;;;;;;;;;;;x,,,,,,,,,,,,,,,,,,,,,,
EVT6043OPTA;This will be an immense windfall for our treasury!;;;;;;;;;;;;x,,,,,,,,,,,,,,,,,,,,,,
EVTNAME6044;The Transvaal has gone bankrupt!;;;;;;;;;;;;x,,,,,,,,,,,,,,,,,,,,,,
EVTDESC6044;It is clear that the Boers beyond the Vaal river are unable to successfully govern themselves, their inefficient government, if you can call it that, has bankrupted itself and caused the self-proclaimed Zuid-Afrikaanische Republiek to become politically unstable, we must step in to restore order and good government in order to assure peace and economic viability in the region.;;;;;;;;;;;;x,,,,,,,,,,,,,,,,,,,,,,
EVT6044OPTA;We do this not for ourselves but for their own good.;;;;;;;;;;;;x,,,,,,,,,,,,,,,,,,,,,,
EVTNAME6045;Let Us Unite the Boer Provinces!;;;;;;;;;;;;x,,,,,,,,,,,,,,,,,,,,,,
EVTDESC6045;Due to the Zuid-Afrikaanische Republiek's mismanagement of their government and economy, the British have taken over running the affairs of the ZAR, annexing our fellow Boers into the British Empire in all but name.  Wouldn't it be better if our brothers north of the Vaal river were instead part of $COUNTRY$? Let us petition the British to incorporate the Transvaal and assure tranquility on their northern frontier, surely the British will listen to this reasonable request.;;;;;;;;;;;;x,,,,,,,,,,,,,,,,,,,,,,
EVT6045OPTA;Let us work to unite the Boers north AND south of the Vaal river!;;;;;;;;;;;;x,,,,,,,,,,,,,,,,,,,,,,
EVT6045OPTB;They are too prone to anarchy, let the British deal with them.;;;;;;;;;;;;x,,,,,,,,,,,,,,,,,,,,,,
EVTNAME6046;The Boers of the Orange Free State Have Petitioned Us.;;;;;;;;;;;;x,,,,,,,,,,,,,,,,,,,,,,
EVTDESC6046;The Orange Free State sent us a diplomatic proposal where they would incorporate the Transvaal into their nation relieving us of the burden of running the Transvaal's government.;;;;;;;;;;;;x,,,,,,,,,,,,,,,,,,,,,,
EVT6046OPTA;Amicable relations with the Boers can only benefit us; we agree!;;;;;;;;;;;;x,,,,,,,,,,,,,,,,,,,,,,
EVT6046OPTB;Transvaal is better under the caring but firm hand of our Empire; refuse!;;;;;;;;;;;;x,,,,,,,,,,,,,,,,,,,,,,
EVTNAME6047;We Have Been Under the British Yoke Too Long!;;;;;;;;;;;;x,,,,,,,,,,,,,,,,,,,,,,
EVTDESC6047;We have been under British control ever since the Rooinekke marched into Pretoria and imposed their dominion over us in direct violation of the Sand River Convention of 1852, and the Bloemfontein Convention of 1854. The people have grown weary of their arrogance and their irreverence, now is the time to rise up and fight for our independence once again!;;;;;;;;;;;;x,,,,,,,,,,,,,,,,,,,,,,
EVT6047OPTA;FREEEEEEDOM!!;;;;;;;;;;;;x,,,,,,,,,,,,,,,,,,,,,,
EVT6047OPTB;No, the British are too strong, it is better not to anger the Lion.;;;;;;;;;;;;x,,,,,,,,,,,,,,,,,,,,,,
EVTNAME6048;Our Fellow Boers North of the Vaal River Have Risen Up!;;;;;;;;;;;;x,,,,,,,,,,,,,,,,,,,,,,
EVTDESC6048;The Boers of the Transvaal, long being under the yoke of the British, have revolted and are calling upon all Boers to support them in their bid for independence.  Shall we risk the wrath of the United Kingdom and stand by our brothers? Or maintain good relations with Brits by remaining neutral?;;;;;;;;;;;;x,,,,,,,,,,,,,,,,,,,,,,
EVT6048OPTA;We stand along side our brothers! To war!;;;;;;;;;;;;x,,,,,,,,,,,,,,,,,,,,,,
EVT6048OPTB;This isn't our fight.;;;;;;;;;;;;x,,,,,,,,,,,,,,,,,,,,,,
EVTNAME6049;Founding of Zoutpansbergdorp;;;;;;;;;;;;x,,,,,,,,,,,,,,,,,,,,,,
EVTDESC6049;In the year $YEAR$ Voortrekkers under the leadership of Hendrik Potgieter came into our recently established nation of $COUNTRY$, having to abandon a previously built trading station called Ohrigstad after malaria devastated the region.  Here Potgieter and his fellow pioneers decided that the town of Oude Dorp, established a decade earlier, would be the capital of our new nation, and renamed it Zoutpansbergdorp, which soon prospered thanks to trade with the nearby Portuguese.;;;;;;;;;;;;x,,,,,,,,,,,,,,,,,,,,,,
EVT6049OPTA;Hooray for our new capital!;;;;;;;;;;;;x,,,,,,,,,,,,,,,,,,,,,,
EVTNAME6050;Upgrading Railway to the Cape;;;;;;;;;;;;x,,,,,,,,,,,,,,,,,,,,,,
EVTDESC6050;In the year $YEAR$ an agreement was reached between $COUNTRY$ and the United Kingdom's Cape Colony government for the latter to upgrade its railway from Cape Town to Bloemfontein, paying the entire expense themselves in the name of economic progress and improved relations.;;;;;;;;;;;;x,,,,,,,,,,,,,,,,,,,,,,
EVT6050OPTA;Improved economic ties should be the focus of our international relations.;;;;;;;;;;;;x,,,,,,,,,,,,,,,,,,,,,,
EVTNAME6051;The Jameson Raid;;;;;;;;;;;;x,,,,,,,,,,,,,,,,,,,,,,
EVTDESC6051;Cecil Rhodes, the current Governor of the Cape, had a vision to incorporate any independent Boer nation in a federation under British control. Having combined his commercial mining interests with Alfred Beit to form the De Beers Mining Corporation, Rhodes also sought to control Johannesburg gold mining industry. It was hoped this could be achieved through fomenting an Uitlander ( British expatriate workers in the mines of $COUNTRY$ ) uprising. When he and Leander Starr Jameson started their incursion into $COUNTRY$ with 600 irregulars they discovered the Uitlanders did not rise up in revolt as hoped; they were soon defeated by local Boer commandos and forced to surrender.  Now the question remains, what to do next?;;;;;;;;;;;;x,,,,,,,,,,,,,,,,,,,,,,
EVT6051OPTA;Turn the raiders over to Britain for trial.;;;;;;;;;;;;x,,,,,,,,,,,,,,,,,,,,,,
EVT6051OPTB;Execute the lot of them!;;;;;;;;;;;;x,,,,,,,,,,,,,,,,,,,,,,
EVTNAME6052;The Kruger Telegram;;;;;;;;;;;;x,,,,,,,,,,,,,,,,,,,,,,
EVTDESC6052;The Boers have manage to repulse an incursion into their sovereign nations by a British raiding party lead by  Cecil Rhodes and Leander Starr Jameson.  Should we show solidarity with the Boer states?  This would greatly increase our relations and influence with them, but at the expense of our relations with the British.;;;;;;;;;;;;x,,,,,,,,,,,,,,,,,,,,,,
EVT6052OPTA;Yes! Send the telegram from our Kaiser to congratulate them!;;;;;;;;;;;;x,,,,,,,,,,,,,,,,,,,,,,
EVT6052OPTB;We value our relations with the British more.;;;;;;;;;;;;x,,,,,,,,,,,,,,,,,,,,,,
EVTNAME6053;The ZAR-Oranje-Vrystaat Alliance;;;;;;;;;;;;x,,,,,,,,,,,,,,,,,,,,,,
EVTDESC6053;The Jameson Raid had proven one undeniable fact to the Boer Republics, that the United Kingdom cannot keep its imperial ambitions in check when it came to Southern Africa.  Sooner or later the British will come for $COUNTRY$, it is time to make an alliance with our brothers south of Vaal river so we may stand united against British imperialist aggression!;;;;;;;;;;;;x,,,,,,,,,,,,,,,,,,,,,,
EVT6053OPTA;Let the ZAR and Oranje-Vrystaat stand together as one!;;;;;;;;;;;;x,,,,,,,,,,,,,,,,,,,,,,
EVTNAME6054;ZAR Proposes an Alliance!;;;;;;;;;;;;x,,,,,,,,,,,,,,,,,,,,,,
EVTDESC6054;Although we in $COUNTRY$ were not directly affected by the Jameson Raid, it is obvious that the British have plans for our nation.  We can either stand with the ZAR in the battle to come, or stay neutral and just hope that the winds of war pass us by.;;;;;;;;;;;;x,,,,,,,,,,,,,,,,,,,,,,
EVT6054OPTA;United We Stand! Divided We Fall!;;;;;;;;;;;;x,,,,,,,,,,,,,,,,,,,,,,
EVT6054OPTB;If we sign, the British will come after us!;;;;;;;;;;;;x,,,,,,,,,,,,,,,,,,,,,,
EVTNAME6055;Voorste Mense;;;;;;;;;;;;x,,,,,,,,,,,,,,,,,,,,,,
EVTDESC6055;Before great numbers of Boers departed from the Cape on the Great Trek, there were a few brave souls who ventured into the interior of Southern Africa in small groups and founded communities far from any colonial authority. The first of these settlements was founded between the Vaal and Vet Rivers after the land was ceded to a group of Voortrekkers under the leadership of Andries Pretorius by the chief of the Tswana tribe, Makwana in 1836.  In exchange for this land, Pretorius promised to protect Chief Makwana's tribe against the nearby Basotho tribes, who regularly raided the Tswana and Taung tribes, in addition Makwana was given 42 cattle in compensation by the Trekboers.;;;;;;;;;;;;x,,,,,,,,,,,,,,,,,,,,,,
EVT6055OPTA;We give glory to God for this new home in the wilderness.;;;;;;;;;;;;x,,,,,,,,,,,,,,,,,,,,,,
EVTNAME6056;Founding of the town of Winburg;;;;;;;;;;;;x,,,,,,,,,,,,,,,,,,,,,,
EVTDESC6056;After the Trekboers settled the land between the Vet and Vaal rivers in 1836, population growth lead the realization of a need for an actual centralized settlement for their new land. However there was a prolonged argument to where to establish this new capital among the Trekboers.  Eventually in the year $YEAR$ a vote was held by the local Burgers to determine the town's location with Andries Pretorius's group winning and giving the new town the name of Winburg, after the Dutch word winnen (to win). The town grew to become a religious centre for Voortrekkers.;;;;;;;;;;;;x,,,,,,,,,,,,,,,,,,,,,,
EVT6056OPTA;Well now that is finally settled!;;;;;;;;;;;;x,,,,,,,,,,,,,,,,,,,,,,
EVTNAME6057;Consolidating the Matabeleland Protectorate;;;;;;;;;;;;x,,,,,,,,,,,,,,,,,,,,,,
EVTDESC6057;Now that $COUNTRY$ had established a protectorate over the whole of the lands of the Matabele, it is best that we further move to place the surrounding land under our benevolent protection to better secure our borders.  Expanding our frontiers north to the Zambezi and east to the Munyati and Runde rivers will facilitate this objective as well as opening new lands for colonization and economic development for our aspiring colonists.;;;;;;;;;;;;x,,,,,,,,,,,,,,,,,,,,,,
EVT6057OPTA;We sons of Africa should be the ones who civilize this land!;;;;;;;;;;;;x,,,,,,,,,,,,,,,,,,,,,,
EVTNAME6058;Consolidating the Mashonaland Protectorate;;;;;;;;;;;;x,,,,,,,,,,,,,,,,,,,,,,
EVTDESC6058;Now that $COUNTRY$ secured the lands between the Limpopo and the Munyati and Runde rivers, it is time to invest further in our newest colonial territory by expanding our protectorate to include the highlands east of the Runde as well as the Umwukwe Range that stretch from the Munyati to the Zambezi before one of the greedy colonial powers of Europe stakes their own claims to the area in their insatiable lust for African land.;;;;;;;;;;;;x,,,,,,,,,,,,,,,,,,,,,,
EVT6058OPTA;Better for the natives to be under Boer law than European tyranny!;;;;;;;;;;;;x,,,,,,,,,,,,,,,,,,,,,,
EVTNAME6060;Support the Boers in their defense of their freedom?;;;;;;;;;;;;x,,,,,,,,,,,,,,,,,,,,,,
EVTDESC6060;The United Kingdom have decided, in their insatiable desire to dominate the African continent, to attempt to bring the free people of the sovereign South African Republic under their tyrannical heel.  We can stand by and watch this happen, or we can make a statement as a world leader to stand up against British imperial ambition here and now.;;;;;;;;;;;;x,,,,,,,,,,,,,,,,,,,,,,
EVT6060OPTA;The Boer Republics have a right to self-determination, we will fight for that right!;;;;;;;;;;;;x,,,,,,,,,,,,,,,,,,,,,
EVT6060OPTB;This isn't out fight.;;;;;;;;;;;;x,,,,,,,,,,,,,,,,,,,,,
griqua;Cape Coloured;;;;;;;;;;;;;;;;;;;;;;;;;;;;;;;;;;;;;;;x;;;;;;;;;;;;;;x;;;;;;;,,,,,,,,,,,,
claim_namibia_title;Settle Namibia;;;;;;;;;;;;;;;;;;;;;;;x;;;;,,,,,,,,,,,,
claim_namibia_desc;The sparsely inhabited lands of Namibia to our North-West have begun to attract the attention of the Great Powers, and we may soon find an aggressive colonial power moving in next door. It is critical for the maintenance of our national security that we take this area to prevent this. Of particular interest is the bay called Angra Pequena by the Portuguese, as a hanseatic merchant from Hamburg named Adolf Lüderitz has expressed interest in a partnership with our colonial company to settle the area.;;;;;;;;;;;;;;;;;;;;;;;x;;;;,,,,,,,,,,,,
move_capital_title;A Capital for our Nation;;;;;;;;;;;;;;;;;;;;;;;x;;;;,,,,,,,,,,,,
move_capital_desc;Though our government is situated well enough as it is, perhaps a new location would be more fitting for our new situation?;;;;;;;;;;;;;;;;;;;;;;;x;;;;,,,,,,,,,,,,
greater_south_africa_title;Greater South Africa;;;;;;;;;;;;;;;;;;;;;;;x;;;;,,,,,,,,,,,,
greater_south_africa_desc;It is the destiny of our people to settle and exploit the fertile lands of Africa. Having secured the lands of the Cape Colony and the homes of the Voortrekkers, it is only natural to press further northwards.;;;;;;;;;;;;;;;;;;;;;;;x;;;;,,,,,,,,,,,,  
open_the_frontiers_title;Open the Frontiers;;;;;;;;;;;;;;;;;;;;;;;x;;;;,,,,,,,,,,,,
open_the_frontiers_desc;It is the destiny of our people to achieve dominion over the fertile lands of southern Africa. Our nation grows ever larger and more prosperous, but we lack a critical resource: manpower. We shall invite migrants to settle the frontiers, in the spirit of our voortrekker heritage.;;;;;;;;;;;;;;;;;;;;;;;x;;;;,,,,,,,,,,,,
propose_united_boer_state;Propose a United Voortrekker State;;;;;;;;;;;;;;;;;;;;;;;x;;;;,,,,,,,,,,,,
propose_united_boer_state_desc;Ever since the Great Trek, our people have longed to unite with our southern neighbours in the Orange Free State, but they rebuffed us. Now that we are in a stronger position and our people are well provided for, they may be more inclined to accept.;;;;;;;;;;;;;;;;;;;;;;;x;;;;,,,,,,,,,,,,
solve_the_british_problem;Solve the British Problem;;;;;;;;;;;;;;;;;;;;;;;x;;;;,,,,,,,,,,,,
solve_the_british_problem_desc;We must do something about the British people within our borders. We could outright eradicate them, though if we were to take some of the lands on our northern frontier, we could simply resettle them. Under our rule, of course.;;;;;;;;;;;;;;;;;;;;;;;x;;;;,,,,,,,,,,,,
solve_the_british_problem_alt;Solve the British Problem;;;;;;;;;;;;;;;;;;;;;;;x;;;;,,,,,,,,,,,,
solve_the_british_problem_alt_desc;We must do something about the British people within our borders.;;;;;;;;;;;;;;;;;;;;;;;x;;;;,,,,,,,,,,,,
clearances_in_natal_title;Clearances in Natal;;;;;;;;;;;;;X,,,,,,,,,,,,,,
clearances_in_natal_desc;With the population of Natal rapidly growing, easily arable land is becoming sparse. It would be greatly beneficial to the continued settlement of the area for us to help clear some unusable terrain to make it more suitable for farming.;;;;;;;;;;;;;X,,,,,,,,,,,,,,
form_south_africa_diplomatically_title;Form the Voortrekker State;;;;;;;;;;;;;X,,,,,,,,,,,,,,
form_south_africa_diplomatically_desc;Ever since the Great Trek, our people have longed to unite all Boers under a single banner. Now that we are in a stronger position and our people are well provided for, they may be more inclined to accept.;;;;;;;;;;;;;X,,,,,,,,,,,,,,
irrigating_transvaal_title;Irrigating Transvaal;;;;;;;;;;;;;X,,,,,,,,,,,,,,
irrigating_transvaal_desc;The lands across the Vaal river are currently not fit for extensive farming. However, with a co-ordinated large-scale irrigation project, much of the area can be made arable. Despite the expense, the benefit to habitability will be extensive.;;;;;;;;;;;;;X,,,,,,,,,,,,,,
form_volkstaat_title;Create the Volkstaat;;;;;;;;;;;;;;;;;;;;;;;x;;;;,,,,,,,,,,,,
form_volkstaat_desc;Our people have long struggled against all who surround us, including the immense British Empire and the numerous tribes of Africa. Now that all of our people who undertook the Great Trek are united, we should make a nation that is truly our own.;;;;;;;;;;;;;;;;;;;;;;;x;;;;,,,,,,,,,,,,
unite_with_transvaal_title;Unite With Transvaal;;;;;;;;;;;;;;;;;;;;;;;x;;;;,,,,,,,,,,,,
unite_with_transvaal_desc;Our fellow Boers have manage to create their own independent nation free from both the British and the natives in the savanna north of the Vaal River, we should come together with our brethren to form a stronger union.;;;;;;;;;;;;;;;;;;;;;;;x;;;;,,,,,,,,,,,,
kruger_wildlife_preserve_title;Create the Kruger Wildlife Preserve;;;;;;;;;;;;;;;;;;;;;;;x;;;;,,,,,,,,,,,,
kruger_wildlife_preserve_desc;In 1895, Jakob Louis van Wyk introduced in the Volksraad of $COUNTRY$, a motion to create the game reserve which would become the Kruger National Park. That motion, introduced together with another Volksraad member by the name of R. K. Loveday, and accepted for discussion in September 1895 by a majority of one vote, resulted in the proclamation by Paul Kruger president of the Transvaal Republic, on 26 March 1898, of a "Government Wildlife Park." This park would later be known as the Sabi Game Reserve and was expanded into the Kruger National Park in 1926.;;;;;;;;;;;;;;;;;;;;;;;x;;;;,,,,,,,,,,,,
clearances_in_natal_title;Clearances in Natal;;;;;;;;;;;;;X,,,,,,,,,,,,,,
clearances_in_natal_desc;With the population of Natal rapidly growing, easily arable land is becoming sparse. It would be greatly beneficial to the continued settlement of the area for us to help clear some unusable terrain to make it more suitable for farming.;;;;;;;;;;;;;X,,,,,,,,,,,,,,
ORA_liberal;Liberale Party;;;;;;;;;;;;;X,,,,,,,,,,,,,,
ORA_conservative;Voortrekker Party;;;;;;;;;;;;;X,,,,,,,,,,,,,,
ORA_conservative_2;Boeren Party;;;;;;;;;;;;;X,,,,,,,,,,,,,,
ORA_conservative_3;Orangia Unie;;;;;;;;;;;;;X,,,,,,,,,,,,,,
ORA_socialist;Volksparty;;;;;;;;;;;;;X,,,,,,,,,,,,,,
ORA_reactionary;Nasionale Party;;;;;;;;;;;;;X,,,,,,,,,,,,,,
ORA_anarcho_liberal;Die Radicals;;;;;;;;;;;;;X,,,,,,,,,,,,,,
ORA_communist;Kommunistiese Party van Oranje;;;;;;;;;;;;;X,,,,,,,,,,,,,,
ORA_fascist;Boerstaat Party;;;;;;;;;;;;;X,,,,,,,,,,,,,,
TRN_liberal;Demokratiese Alliansie;;;;;;;;;;;;;X,,,,,,,,,,,,,,
TRN_conservative;Voortrekker Party;;;;;;;;;;;;;X,,,,,,,,,,,,,,
TRN_conservative_2;Boeren Party;;;;;;;;;;;;;X,,,,,,,,,,,,,,
TRN_conservative_3;Het Volk;;;;;;;;;;;;;X,,,,,,,,,,,,,,
TRN_socialist;Sosialistiese Party van die ZAR;;;;;;;;;;;;;X,,,,,,,,,,,,,,
TRN_reactionary;Nasionale Party;;;;;;;;;;;;;X,,,,,,,,,,,,,,
TRN_anarcho_liberal;Die Radicals;;;;;;;;;;;;;X,,,,,,,,,,,,,,
TRN_communist;Volksparty se Demokratiese Party;;;;;;;;;;;;;X,,,,,,,,,,,,,,
TRN_fascist;Nasionale Broederskap van die ZAR;;;;;;;;;;;;;X,,,,,,,,,,,,,,
NAL_liberal;Liberale Party;;;;;;;;;;;;;X,,,,,,,,,,,,,,
NAL_conservative;Voortrekker Party;;;;;;;;;;;;;X,,,,,,,,,,,,,,
NAL_conservative_2;Boeren Party;;;;;;;;;;;;;X,,,,,,,,,,,,,,
NAL_socialist;Natalia Sosialistiese Party;;;;;;;;;;;;;X,,,,,,,,,,,,,,
NAL_reactionary;Nasionale Party;;;;;;;;;;;;;X,,,,,,,,,,,,,,
NAL_anarcho_liberal;Die Radicals;;;;;;;;;;;;;X,,,,,,,,,,,,,,
NAL_communist;Werkersparty van Natalia;;;;;;;;;;;;;X,,,,,,,,,,,,,,
NAL_fascist;Natalse Patriotiese Liga;;;;;;;;;;;;;X,,,,,,,,,,,,,,
VLK;The South African Republic;;;;;;;;;;;;;X,,,,,,,,,,,,,,
VLK_ADJ;Boer;;;;;;;;;;;;;X,,,,,,,,,,,,,,
VLK_absolute_monarchy;Afrikaner Kingdom;;;;;;;;;;;;;X,,,,,,,,,,,,,,
VLK_prussian_constitutionalism;Afrikaner Kingdom;;;;;;;;;;;;;X,,,,,,,,,,,,,,
VLK_hms_government;Afrikaner Kingdom;;;;;;;;;;;;;X,,,,,,,,,,,,,,
VLK_proletarian_dictatorship;Socialist Republic of South Africa;;;;;;;;;;;;;X,,,,,,,,,,,,,,
VLK_fascist;Vryheidsfront;;;;;;;;;;;;;X,,,,,,,,,,,,,,
VLK_fascist_2;Die Broederbond;;;;;;;;;;;;;X,,,,,,,,,,,,,,
VLK_liberal;Boeren Party;;;;;;;;;;;;;X,,,,,,,,,,,,,,
VLK_reactionary;Uitsluiting;;;;;;;;;;;;;X,,,,,,,,,,,,,,
VLK_conservative;Voortrekker Party;;;;;;;;;;;;;X,,,,,,,,,,,,,,
VLK_anarcho_liberal;Vryehandel;;;;;;;;;;;;;X,,,,,,,,,,,,,,
VLK_communist;Volks Sosialistiese Party;;;;;;;;;;;;;X,,,,,,,,,,,,,,
VLK_communist_2;Yamanyama Kungaka Afrika;;;;;;;;;;;;;X,,,,,,,,,,,,,,
VLK_socialist;Vakbonde Kongres;;;;;;;;;;;;;X,,,,,,,,,,,,,,
VLK_liberal_2;Yamanyama Afrika;;;;;;;;;;;;;X,,,,,,,,,,,,,,
VLK_conservative_2;Ons Eie Arbeid;;;;;;;;;;;;;X,,,,,,,,,,,,,,
ZOU;Zoutpansberg;;;;;;;;;;;;;X,,,,,,,,,,,,,,
ZOU_ADJ;Trekker;;;;;;;;;;;;;X,,,,,,,,,,,,,,
ZOU_conservative;Potgieter's Faction;;;;;;;;;;;;;X,,,,,,,,,,,,,,
ZOU_liberal;Maritz's Faction;;;;;;;;;;;;;X,,,,,,,,,,,,,,
ZOU_reactionary;Retief's Faction;;;;;;;;;;;;;X,,,,,,,,,,,,,,
ZOU_socialist;Sosiaal-Demokratiese Party van die Boere;;;;;;;;;;;;;X,,,,,,,,,,,,,,
ZOU_anarcho_liberal;Vryboere van Zoutpansberg;;;;;;;;;;;;;X,,,,,,,,,,,,,, 
SAF_fascist;Volkasie van Suid-Afrika;;;;;;;;;;;;;X,,,,,,,,,,,,,,
SAF_liberal;Afrikaner Bond;;;;;;;;;;;;;X,,,,,,,,,,,,,,
SAF_conservative;Progressiewes;;;;;;;;;;;;;X,,,,,,,,,,,,,,
SAF_socialist;Arbeid Party;;;;;;;;;;;;;X,,,,,,,,,,,,,,
SAF_conservative_2;Vakbondpartytjie;;;;;;;;;;;;;X,,,,,,,,,,,,,,
SAF_liberal_2;Suid-Afrikaanse Party;;;;;;;;;;;;;X,,,,,,,,,,,,,,
SAF_conservative_3;Nasionale Party;;;;;;;;;;;;;X,,,,,,,,,,,,,,
SAF_reactionary;Boerestaat Party;;;;;;;;;;;;;X,,,,,,,,,,,,,,
SAF_anarcho_liberal;Radikale Party;;;;;;;;;;;;;X,,,,,,,,,,,,,,
SAF_communist;Suid-Afrikaanse Kommunistiese Party;;;;;;;;;;;;;X,,,,,,,,,,,,,,
SAF_fascist;Die Vaderlandfront;;;;;;;;;;;;;X,,,,,,,,,,,,,,
native_reintegration;Native Reintegration;;;;;;;;;;;;;X,,,,,,,,,,,,,,
native_reintegration_desc;Government initiatives have been put forward to integrate Africans into society through various programs.;;;;;;;;;;;;;X,,,,,,,,,,,,,,
native_slaughter;Native Removal;;;;;;;;;;;;;X,,,,,,,,,,,,,,
native_displacement;Native Displacement;;;;;;;;;;;;;X,,,,,,,,,,,,,,
african_extermination;Afrikaanse Oplossing;;;;;;;;;;;;;X,,,,,,,,,,,,,,
transvaal_civil_war;Burgerkryg;;;;;;;;;;;;;X,,,,,,,,,,,,,,
transvaal_civil_war_desc;Occasional skirmishes are occurring in the countryside between government and rebel commando groups over the presidency of the ZAR.;;;;;;;;;;;;;X,,,,,,,,,,,,,,
boer_commandos_modifier;Boer Commando Militias;;;;;;;;;;;;;X,,,,,,,,,,,,,,
boer_commandos_modifier_desc;Motivated freemen who have mastered field-craft patrol our borders, ever ready to defend our farms, family, and way of life;;;;;;;;;;;;;X,,,,,,,,,,,,,,
open_homesteading;Open Land for Homesteading;;;;;;;;;;;;;X,,,,,,,,,,,,,,
kruger_reserve;The New Kruger Wildlife Preserve;;;;;;;;;;;;;X,,,,,,,,,,,,,,
kruger_reserve_desc;One of the earliest wildlife preserves in Africa and showcasing Boer respect for nature;;;;;;;;;;;;;X,,,,,,,,,,,,,,
educate_the_natives_title;Bringing Literacy to the Natives;;;;;;;;;;;;;X,,,,,,,,,,,,,,
educate_the_natives_desc;It isn't enough for our own people to read and write.  We need to bring literacy to the native tribes of our nation in order to assure a better economic and political future.;;;;;;;;;;;;;X,,,,,,,,,,,,,,
access_to_the_sea;Foreign Port Access to the Sea;;;;;;;;;;;;;X,,,,,,,,,,,,,,
access_to_the_sea_desc;Thanks to our commercial access to nearby foreign ports we have seen increased trade & immigration.;;;;;;;;;;;;;X,,,,,,,,,,,,,,
diamonds_are_boer;Diamonds Recently Discovered;;;;;;;;;;;;;X,,,,,,,,,,,,,,
diamonds_are_boer_desc;Diamonds have been discovered in this province, drawing prospectors and miners from near and far.;;;;;;;;;;;;;X,,,,,,,,,,,,,,
boer_gold;There's gold in them thar hills;;;;;;;;;;;;;X,,,,,,,,,,,,,,
boer_south_africa_title;Südafrika;;;;;;;;;;;;;X,,,,,,,,,,,,,,
boer_south_africa_desc;The British imperialists have finally been expelled from South Africa, it is a glorious day for our people.;;;;;;;;;;;;;X,,,,,,,,,,,,,,
