Key;English;French;German;Polish;Spanish;Italian;Swedish;Czech;Hungarian;Dutch;Portuguese;Russian;Finnish;
afar;Afar;;;;;;;;;;;;;
mocovi;Mocovi;;;;;;;;;;;;;
chukchi;Chukchi;;;;;;;;;;;;;
chechen;Chechen;;;;;;;;;;;;;
gagauz;Gagauz;;;;;;;;;;;;;
nivkh;Nivkh;;;;;;;;;;;;;
miskito;Miskito;;;;;;;;;;;;;
astrakhani;Astrakhani;;;;;;;;;;;;;
maldivian;Maldivian;;;;;;;;;;;;;
nicobarese;Nicobarese;;;;;;;;;;;;;
moriori;Moriori;;;;;;;;;;;;;
nenets;Nenets;;;;;;;;;;;;;
chamorro;Chamorro;;;;;;;;;;;;;
hainanese;Hainanese;;;;;;;;;;;;;
macanese;Macanese;;;;;;;;;;;;;
tujia;Tujia;;;;;;;;;;;;;
dongxiang;Dongxiang;;;;;;;;;;;;;
livonian;Livonian;;;;;;;;;;;;;
waxiang;Waxiang;;;;;;;;;;;;;
salar;Salar;;;;;;;;;;;;;
gejia;Gejia;;;;;;;;;;;;;
tsakonian;Tsakonian;;;;;;;;;;;;;
lizu;Hlai;;;;;;;;;;;;;
aynu;Äynu;;;;;;;;;;;;;
chuanqing;Chuanqing;;;;;;;;;;;;;
tunbao;Tunbao;;;;;;;;;;;;;
bonan;Bonan;;;;;;;;;;;;;
qaraqalpaq;Karakalpak;;;;;;;;;;;;;
hoklo;Hoklo;;;;;;;;;;;;;
leizhou;Leizhou;;;;;;;;;;;;;
hokchia;Hokchia;;;;;;;;;;;;;
teo_swa;Teo-Swa;;;;;;;;;;;;;
putian;Putian;;;;;;;;;;;;;
nanping;Nanping;;;;;;;;;;;;;
min_vietnamese;Min-Vietnamese;;;;;;;;;;;;;
khanty;Khanty;;;;;;;;;;;;;
mansi;Mansi;;;;;;;;;;;;;
yoruk;Yörük;;;;;;;;;;;;;
daur;Daur;;;;;;;;;;;;;
khamnigan;Khamnigan;;;;;;;;;;;;;
buryat;Buryat;;;;;;;;;;;;;
oroqen;Oroqen;;;;;;;;;;;;;
solon;Solon;;;;;;;;;;;;;
gutnic;Gutnic;;;;;;;;;;;;;
monguor;Monguor;;;;;;;;;;;;;
kam_culture;Kam;;;;;;;;;;;;;
she;She;;;;;;;;;;;;;
moghol;Moghol;;;;;;;;;;;;;
faroese;Faroese;;;;;;;;;;;;;
kongo;Kongo;;;;;;;;;;;;;
maroon;Maroon;;;;;;;;;;;;;
tanka;Tanka;;;;;;;;;;;;;
mandar;Mandar;;;;;;;;;;;;;
roti;Roti;;;;;;;;;;;;;
seminole;Seminole;;;;;;;;;;;;;
creek;Creek;;;;;;;;;;;;;
chickasaw;Chickasaw;;;;;;;;;;;;;
okinawan;Okinawan;;;;;;;;;;;;;
afro_turk;Afro-Turkish;;;;;;;;;;;;;
siddi;Sidhi;;;;;;;;;;;;;
franco_indian;Franco-Indian;;;;;;;;;;;;;
luso_indian;Luso-Indian;;;;;;;;;;;;;
aleut;Aleut;;;;;;;;;;;;;
eyak;Eyak;;;;;;;;;;;;;
inupiat;Iñupiat;;;;;;;;;;;;;
tlingit;Tlingit;;;;;;;;;;;;;
haida;Haida;;;;;;;;;;;;;
yupik;Yupik;;;;;;;;;;;;;
tsimshian;Tsimshian;;;;;;;;;;;;;
alaska_athabaskan;Alaska-Athabaskan;;;;;;;;;;;;;
kumzari;Kumzari;;;;;;;;;;;;;
lari;Lari;;;;;;;;;;;;;
talish;Talysh;;;;;;;;;;;;;
gilaki;Gilaki;;;;;;;;;;;;;
tati;Tati;;;;;;;;;;;;;
galechi;Galechi;;;;;;;;;;;;;
semnani;Semnani;;;;;;;;;;;;;
ydigha;Ydigha;;;;;;;;;;;;;
munji;Munji;;;;;;;;;;;;;
bachatiari;Bakhtiari;;;;;;;;;;;;;
mamasani;Southern Luri;;;;;;;;;;;;;
waneci;Waneci;;;;;;;;;;;;;
ormuri;Ormuri;;;;;;;;;;;;;
brahui;Brahui;;;;;;;;;;;;;
minabi;Minabi;;;;;;;;;;;;;
yaghnobi;Yaghnobi;;;;;;;;;;;;;
pashai;Pashai;;;;;;;;;;;;;
khowar;Khowar;;;;;;;;;;;;;
shina;Shina;;;;;;;;;;;;;
kohistani;Kohistani;;;;;;;;;;;;;
mishmi;Mishmi;;;;;;;;;;;;;
mountain_jewish;Mountain Jewish;;;;;;;;;;;;;
persian_jewish;Persian Jewish;;;;;;;;;;;;;
bukharan_jewish;Bukharan Jewish;;;;;;;;;;;;;
kaifeng_jewish;Kaifeng Jewish;;;;;;;;;;;;;
italki;Italki;;;;;;;;;;;;;
cochin_jewish;Cochin Jewish;;;;;;;;;;;;;
bene_israel;Bene Israel;;;;;;;;;;;;;
basseri;Basseri;;;;;;;;;;;;;
yazgulyam;Yazgulyam;;;;;;;;;;;;;
gorani_alb;Gorani;;;;;;;;;;;;;
gorani;Gorani;;;;;;;;;;;;;
zazaki;Zazaki;;;;;;;;;;;;;
blanco_caribeno;Blanco;;;;;;;;;;;;;
norman;Norman;;;;;;;;;;;;;
tanoan;Tanoan;;;;;;;;;;;;;
keres;Keres;;;;;;;;;;;;;
hopi;Hopi;;;;;;;;;;;;;
zuni;Zuni;;;;;;;;;;;;;
gaucho;Gaucho;;;;;;;;;;;;;
ulster_scottish;Ulster Scottish;;;;;;;;;;;;;
kiwi;New Zealander;;;;;;;;;;;;;
australian;Australian;;;;;;;;;;;;;
mazanderani;Mazanderani;;;;;;;;;;;;;
corsican;Corsican;;;;;;;;;;;;;
gallo;Gallo;;;;;;;;;;;;;
choktaw;Choktaw;;;;;;;;;;;;;
comanche;Comanche;;;;;;;;;;;;;
wichita;Wichita;;;;;;;;;;;;;
osage;Osage;;;;;;;;;;;;;
caddo;Caddo;;;;;;;;;;;;;
kiowa;Kiowa;;;;;;;;;;;;;
pawnee;Pawnee;;;;;;;;;;;;;
kansa;Kansa;;;;;;;;;;;;;
otoe;Otoe;;;;;;;;;;;;;
ponca;Ponca;;;;;;;;;;;;;
apache;Apache;;;;;;;;;;;;;
coahuiltecan;Coahuiltecan;;;;;;;;;;;;;
karankawa;Karankawa;;;;;;;;;;;;;
tonkawa;Tonkawa;;;;;;;;;;;;;
aranama;Aranama;;;;;;;;;;;;;
hasinai;Hasinai;;;;;;;;;;;;;
kickapoo;Kickapoo;;;;;;;;;;;;;
atakapa;Atakapa;;;;;;;;;;;;;
coushatta;Coushatta;;;;;;;;;;;;;
alabama;Alabama;;;;;;;;;;;;;
comechingon;Comechingón;;;;;;;;;;;;;
sanaviron;Sanavirón;;;;;;;;;;;;;
selknam;Selknam;;;;;;;;;;;;;
yaghan;Yaghan;;;;;;;;;;;;;
haush;Haush;;;;;;;;;;;;;
houma;Houma;;;;;;;;;;;;;
biloxi_culture;Biloxi;;;;;;;;;;;;;
tunica;Tunica;;;;;;;;;;;;;
chitimacha;Chitimacha;;;;;;;;;;;;;
natchez;Natchez;;;;;;;;;;;;;
carib;Kalinago;;;;;;;;;;;;;
garifuna;Garifuna;;;;;;;;;;;;;
bouyei;Bouyei;;;;;;;;;;;;;
aaniiih;Atsinah;;;;;;;;;;;;;
kalispel;Kalispel;;;;;;;;;;;;;
gros_ventre;Gros Ventre;;;;;;;;;;;;;
kutenai;Kutenai;;;;;;;;;;;;;
bitterroot;Bitterroot;;;;;;;;;;;;;
ojibwe;Ojibwe;;;;;;;;;;;;;
blackfoot;Blackfoot;;;;;;;;;;;;;
crow;Crow;;;;;;;;;;;;;
cheyenne_people;Cheyenne;;;;;;;;;;;;;
assiniboine;Assiniboine;;;;;;;;;;;;;
sioux;Sioux;;;;;;;;;;;;;
shoshone;Shoshone;;;;;;;;;;;;;
arapaho;Cheyenne-Arapaho;;;;;;;;;;;;;
ute;Ute;;;;;;;;;;;;;
bannock;Bannock;;;;;;;;;;;;;
nez_perce;Nez Perce;;;;;;;;;;;;;
skitswish;Skitswish;;;;;;;;;;;;;
cayuse;Cayuse;;;;;;;;;;;;;
yakama;Yakama;;;;;;;;;;;;;
walla_walla;Walla Walla;;;;;;;;;;;;;
klickitat;Klickitat;;;;;;;;;;;;;
umatilla;Umatilla;;;;;;;;;;;;;
spokane_people;Spokane;;;;;;;;;;;;;
north_paiute;North Paiute;;;;;;;;;;;;;
haitian_creole;Haitian Creole;;;;;;;;;;;;;
males;Malê;;;;;;;;;;;;;
norfuk;Norfuk;;;;;;;;;;;;;
pitkern;Pitkern;;;;;;;;;;;;;
americo_liberian;Americo-Liberian;;;;;;;;;;;;;
caipira;Caipira;;;;;;;;;;;;;
south_paiute;South Paiute;;;;;;;;;;;;;
goshute;Goshute;;;;;;;;;;;;;
timpanogo;Timpanogos;;;;;;;;;;;;;
timbisha;Timbisha;;;;;;;;;;;;;
washoe;Washoe;;;;;;;;;;;;;
tubatulabal;Tübatulabal;;;;;;;;;;;;;
maidu;Maidu;;;;;;;;;;;;;
nisenan;Nisenan;;;;;;;;;;;;;
kawaiisu;Kawaiisu;;;;;;;;;;;;;
yokut;Yokut;;;;;;;;;;;;;
miwok;Miwok;;;;;;;;;;;;;
mono;Mono;;;;;;;;;;;;;
tongva;Tongva;;;;;;;;;;;;;
esselen;Esselen;;;;;;;;;;;;;
kumeyaay;Kumeyaay;;;;;;;;;;;;;
payomkawichum;Payómkawichum;;;;;;;;;;;;;
cahuilla;Cahuilla;;;;;;;;;;;;;
wappo;Wappo;;;;;;;;;;;;;
quoeech;Quoeech;;;;;;;;;;;;;
walapai;Walapai;;;;;;;;;;;;;
norn;Norn;;;;;;;;;;;;;
dalmatian;Dalmatian;;;;;;;;;;;;;
pomo;Pomo;;;;;;;;;;;;;
mohave;Mohave;;;;;;;;;;;;;
halchidhoma;Halchidhoma;;;;;;;;;;;;;
yuki;Yuki;;;;;;;;;;;;;
chemehuevi;Chemehuevi;;;;;;;;;;;;;
chumash;Chumash;;;;;;;;;;;;;
shasta;Shasta;;;;;;;;;;;;;
cochimi;Cochimí;;;;;;;;;;;;;
paipai;Paipai;;;;;;;;;;;;;
cocopah;Cocopah;;;;;;;;;;;;;
kiliwa;Kiliwa;;;;;;;;;;;;;
quechan;Yuma;;;;;;;;;;;;;
konkow;Konkow;;;;;;;;;;;;;
modoc;Modoc;;;;;;;;;;;;;
kitanemuk;Kitanemuk;;;;;;;;;;;;;
arbanasi;Arbanasi;;;;;;;;;;;;;
yurok_wiyot;Yurok-Wiyot;;;;;;;;;;;;;
tolowa;Tolowa;;;;;;;;;;;;;
wintun;Wintun;;;;;;;;;;;;;
cali_athabaskan;Pacific Athabaskan;;;;;;;;;;;;;
pit_river;Pit River Native;;;;;;;;;;;;;
yana;Yana;;;;;;;;;;;;;
ohlone;Ohlone;;;;;;;;;;;;;
salinan;Salinan;;;;;;;;;;;;;
chimariko;Chimariko;;;;;;;;;;;;;
serrano;Serrano;;;;;;;;;;;;;
karok;Karuk;;;;;;;;;;;;;
tataviam;Tataviam;;;;;;;;;;;;;
wanapum;Wanapum;;;;;;;;;;;;;
tenino;Tenino;;;;;;;;;;;;;
coast_oregon_penutian;Coast Oregon Penutian;;;;;;;;;;;;;
klamath;Klamath;;;;;;;;;;;;;
molala;Molala;;;;;;;;;;;;;
takelma;Takelma;;;;;;;;;;;;;
palouse;Palouse;;;;;;;;;;;;;
kalapuya;Kalapuya;;;;;;;;;;;;;
coast_salish;Coast Salish;;;;;;;;;;;;;
tillamook;Tillamook;;;;;;;;;;;;;
chinook;Chinook;;;;;;;;;;;;;
magyarab;Magyarab;;;;;;;;;;;;;
kursenieki;Kursenieki;;;;;;;;;;;;;
maniot;Maniot;;;;;;;;;;;;;
yola;Yola;;;;;;;;;;;;;
fingallian;Fingallian;;;;;;;;;;;;;
masurian;Masurian;;;;;;;;;;;;;
pomor;Pomor;;;;;;;;;;;;;
kusunda;Kusunda;;;;;;;;;;;;;
nihali;Nihali;;;;;;;;;;;;;
kuot;Kuot;;;;;;;;;;;;;
kol_culture;Kol;;;;;;;;;;;;;
ata_culture;Ata;;;;;;;;;;;;;
anem;Anêm;;;;;;;;;;;;;
abinomn;Abinomn;;;;;;;;;;;;;
guato;Guató;;;;;;;;;;;;;
trumai;Trumai;;;;;;;;;;;;;
kanoe;Kanoê;;;;;;;;;;;;;
kwaza;Kwaza;;;;;;;;;;;;;
guajiro;Wayuu;;;;;;;;;;;;;
aikana;Aikanã;;;;;;;;;;;;;
leco;Leco;;;;;;;;;;;;;
chana;Chana;;;;;;;;;;;;;
yuracare;Yuracaré;;;;;;;;;;;;;
chiquitano;Chiquitano;;;;;;;;;;;;;
tsimane;Tsimané;;;;;;;;;;;;;
canichana;Canichana;;;;;;;;;;;;;
cayubaba;Cayuvava;;;;;;;;;;;;;
movima;Movima;;;;;;;;;;;;;
huaorani;Huaorani;;;;;;;;;;;;;
kamentsa;Kamëntsá;;;;;;;;;;;;;
cofan;Cofán;;;;;;;;;;;;;
munichi;Munichi;;;;;;;;;;;;;
candoshi_shapra;Candoshi-Shapra;;;;;;;;;;;;;
urarina;Urarina;;;;;;;;;;;;;
warao;Warao;;;;;;;;;;;;;
mochica;Mochica;;;;;;;;;;;;;
yaruro;Yaruro;;;;;;;;;;;;;
laal;Laal;;;;;;;;;;;;;
hadza;Hadza;;;;;;;;;;;;;
sandawe;Sandawe;;;;;;;;;;;;;
shabo;Shabo;;;;;;;;;;;;;
kawesqar;Kawesqar;;;;;;;;;;;;;
chono;Chono;;;;;;;;;;;;;
aonikenk;Aonikenk;;;;;;;;;;;;;
teuesch;Teuesch;;;;;;;;;;;;;
payniken;Paynikén;;;;;;;;;;;;;
moluche;Moluche;;;;;;;;;;;;;
pehuenche;Pehuenche;;;;;;;;;;;;;
picunche;Picunche;;;;;;;;;;;;;
leuvuche;Leuvuche;;;;;;;;;;;;;
voroga;Voroga;;;;;;;;;;;;;
chechehet;Chechehet;;;;;;;;;;;;;
diuhet;Diuhiet;;;;;;;;;;;;;
taluhet;Taluhet;;;;;;;;;;;;;
huilliche;Huilliche;;;;;;;;;;;;;
ranquel;Ranquel;;;;;;;;;;;;;
jerriais;Jèrriais;;;;;;;;;;;;;
guernesais;Guernésiais;;;;;;;;;;;;;
mizrahi;Mizrahi;;;;;;;;;;;;;
teimani;Teimani;;;;;;;;;;;;;
lom_people;Lom;;;;;;;;;;;;;
dom_people;Dom;;;;;;;;;;;;;
corfiot;Corfiot;;;;;;;;;;;;;
lannang_oe;Lannang-Oe;;;;;;;;;;;;;
chuukese;Chuukese;;;;;;;;;;;;;
goral;Goral;;;;;;;;;;;;;
raizal;Raizal;;;;;;;;;;;;;
shahsevan;Shahsevan;;;;;;;;;;;;;
sard;Sardinian;;;;;;;;;;;;;
marsh_arab;Shroog;;;;;;;;;;;;;
mandaean;Mandaean;;;;;;;;;;;;;
sinti;Sinti;;;;;;;;;;;;;
romanichal;Romanichal;;;;;;;;;;;;;
welsh_kale;Welsh Kale;;;;;;;;;;;;;
finnish_kale;Finnish Kale;;;;;;;;;;;;;
xaladitka_roma;Xaladitka Roma;;;;;;;;;;;;;
boyash;Boyash;;;;;;;;;;;;;
lovari;Lovari;;;;;;;;;;;;;
sepeci;Sepeci Roma;;;;;;;;;;;;;
servitka_roma;Servitka Roma;;;;;;;;;;;;;
egipkjani;Egiptkjani;;;;;;;;;;;;;
ashkali;Ashkali;;;;;;;;;;;;;
sokci;Šokci;;;;;;;;;;;;;
bunjevci;Bunjevci;;;;;;;;;;;;;
gurbeti;Gurbeti;;;;;;;;;;;;;
gullah;Gullah;;;;;;;;;;;;;
melungeon;Melungeon;;;;;;;;;;;;;
kamassian;Kamassian;;;;;;;;;;;;;
louisiana_creole;Louisiana Creole;;;;;;;;;;;;;
traveller;Traveller;;;;;;;;;;;;;
irish_traveller;Irish Traveller;;;;;;;;;;;;;
lowland_traveller;Lowland Traveller;;;;;;;;;;;;;
xoraxane_roma;Xoraxane Roma;;;;;;;;;;;;;
camminanti;Camminanti;;;;;;;;;;;;;
woonwagenbewoner;Woonwagenbewoner;;;;;;;;;;;;;
quincalleros;Quincalleros;;;;;;;;;;;;;
highland_traveller;Highland Traveller;;;;;;;;;;;;;
romungro;Romungro;;;;;;;;;;;;;
ursari;Ursari;;;;;;;;;;;;;
zargari;Zargari;;;;;;;;;;;;;
garachi;Garachi;;;;;;;;;;;;;
lyuli;Lyuli;;;;;;;;;;;;;
bergitka_roma;Bergitka Roma;;;;;;;;;;;;;
fantefolk;Fantefolk;;;;;;;;;;;;;
romanisael;Romanisael;;;;;;;;;;;;;
gitano;Gitano;;;;;;;;;;;;;
erromintxela;Erromintexla;;;;;;;;;;;;;
livvi;Livvi;;;;;;;;;;;;;
ludic;Ludic;;;;;;;;;;;;;
selkup;Selkup;;;;;;;;;;;;;
tosk;Tosk;;;;;;;;;;;;;
arvanite;Arvanite;;;;;;;;;;;;;
istro_romanian;Istro-Romanian;;;;;;;;;;;;;
megleno_romanian;Megleno-Romanian;;;;;;;;;;;;;
griko;Griko;;;;;;;;;;;;;
samaritan;Samaritan;;;;;;;;;;;;;
dezfuli_shushtari;Dezfuli-Shushtari;;;;;;;;;;;;;
bandari;Bandari;;;;;;;;;;;;;
hispano_filipino;Hispano-Filipino;;;;;;;;;;;;;
hutsul;Hutsul;;;;;;;;;;;;;
lemko;Lemko;;;;;;;;;;;;;
boyko;Boyko;;;;;;;;;;;;;
rusyn;Dolinyan;;;;;;;;;;;;;
hunsrik;Hunsrik;;;;;;;;;;;;;
pennsylvania_dutch;Pennsylvania Dutch;;;;;;;;;;;;;
lipka;Lipka Tatar;;;;;;;;;;;;;
parachi;Parachi;;;;;;;;;;;;;
dehwar;Dehwar;;;;;;;;;;;;;
wakhi;Wakhi;;;;;;;;;;;;;
shughni;Shughni;;;;;;;;;;;;;
khufi;Khufi;;;;;;;;;;;;;
sanglechi;Sanglechi;;;;;;;;;;;;;
rushani;Rushani;;;;;;;;;;;;;
ishkashimi;Ishkashimi;;;;;;;;;;;;;
vanji;Vanji;;;;;;;;;;;;;
oroshi;Oroshi;;;;;;;;;;;;;
bartangi;Bartangi;;;;;;;;;;;;;
oroshori;Oroshori;;;;;;;;;;;;;
sarikoli;Sarikoli;;;;;;;;;;;;;
kven;Kven;;;;;;;;;;;;;
tornedalian;Tornedalian;;;;;;;;;;;;;
forest_finnish;Forest Finn;;;;;;;;;;;;;
cagot;Cagot;;;;;;;;;;;;;
lounaeestlane;South Estonian;;;;;;;;;;;;;
vilamovian;Vilamovian;;;;;;;;;;;;;
pontic;Pontic;;;;;;;;;;;;;
hemshin;Hemshin;;;;;;;;;;;;;
cappadocian;Cappadocian;;;;;;;;;;;;;
karamanli;Karamanlide;;;;;;;;;;;;;
rumeika;Ruméika;;;;;;;;;;;;;
urum;Urum;;;;;;;;;;;;;
molokan;Molokan;;;;;;;;;;;;;
palawa;Palawa;;;;;;;;;;;;;
yenish;Yenish;;;;;;;;;;;;;
zenaga;Zenaga;;;;;;;;;;;;;
east_zenati;East Zenati;;;;;;;;;;;;;
siwi;Siwi;;;;;;;;;;;;;
mzab_wargia;Mzabwargia;;;;;;;;;;;;;
shawiya;Shawiya;;;;;;;;;;;;;
kabyle;Kabyle;;;;;;;;;;;;;
shenwa;Shenwa;;;;;;;;;;;;;
shilha;Shilha;;;;;;;;;;;;;
senhaja;Senhaja;;;;;;;;;;;;;
tamaziyt;Tamazight;;;;;;;;;;;;;
ayt;Aït;;;;;;;;;;;;;
ghadam;Ghadam;;;;;;;;;;;;;
teda;Teda;;;;;;;;;;;;;
sokna;Sokna;;;;;;;;;;;;;
nafusi;Nafusi;;;;;;;;;;;;;
awjila;Awjila;;;;;;;;;;;;;
riffian;Riffian;;;;;;;;;;;;;
dukha;Dukha;;;;;;;;;;;;;
orok;Orok;;;;;;;;;;;;;
ulcha;Ulcha;;;;;;;;;;;;;
evenki;Evenki;;;;;;;;;;;;;
xibe;Xibe;;;;;;;;;;;;;
negidal;Negidal;;;;;;;;;;;;;
tofalar;Tofalar;;;;;;;;;;;;;
votian;Votian;;;;;;;;;;;;;
montenegrin;Montenegrin;;;;;;;;;;;;;
foqaha;Foqaha;;;;;;;;;;;;;
tmessa;Tmessa;;;;;;;;;;;;;
kara;Kara;;;;;;;;;;;;;
ladin;Ladin;;;;;;;;;;;;;
friulian;Friulian;;;;;;;;;;;;;
volga_german;Volga German;;;;;;;;;;;;;
baltic_german;Baltic German;;;;;;;;;;;;;
sibirian_german;Siberia German;;;;;;;;;;;;;
aibofolke;Aibofolke;;;;;;;;;;;;;
finlandssvenskar;Fenno-Swedish;;;;;;;;;;;;;
karelian;Karelian;;;;;;;;;;;;;
provencal;Provençal;;;;;;;;;;;;;
ingrian;Ingrian;;;;;;;;;;;;;
izhorian;Izhorian;;;;;;;;;;;;;
enets;Enets;;;;;;;;;;;;;
ilocano;Ilocano;;;;;;;;;;;;;
itneg;Itneg;;;;;;;;;;;;;
kalinga;Kalinga;;;;;;;;;;;;;
balangao;Balangao;;;;;;;;;;;;;
bontoc;Central Bontoc;;;;;;;;;;;;;
finallig;Finallig;;;;;;;;;;;;;
kankanaey;Kankanaey;;;;;;;;;;;;;
ifugao;Ifugao;;;;;;;;;;;;;
kallahan;Kallahan;;;;;;;;;;;;;
karao;Karao;;;;;;;;;;;;;
gaddang;Gaddang;;;;;;;;;;;;;
ibaloi;Ibaloi;;;;;;;;;;;;;
iwaak;Iwaak;;;;;;;;;;;;;
isinai;Isinai;;;;;;;;;;;;;
ilongot;Ilongot;;;;;;;;;;;;;
arta;Arta;;;;;;;;;;;;;
yogad;Yogad;;;;;;;;;;;;;
ibanag;Ibanag;;;;;;;;;;;;;
atta;Atta;;;;;;;;;;;;;
agta;Agta;;;;;;;;;;;;;
dumagat;Dumagat;;;;;;;;;;;;;
kasiguranin;Kasiguranin;;;;;;;;;;;;;
ivatan;Ivanan;;;;;;;;;;;;;
pangansinese;Pangansinese;;;;;;;;;;;;;
sambal;Sambal;;;;;;;;;;;;;
itawit;Itawit;;;;;;;;;;;;;
paranan;Paranan;;;;;;;;;;;;;
alta;Alta;;;;;;;;;;;;;
tagalog;Tagalog;;;;;;;;;;;;;
kampangan;Kapampangan;;;;;;;;;;;;;
aeta;Aeta;;;;;;;;;;;;;
chavacano;Chavacano;;;;;;;;;;;;;
bikol;Bikol;;;;;;;;;;;;;
sorsogon;Sorsegon;;;;;;;;;;;;;
catanduanes;Catanduanes;;;;;;;;;;;;;
tadyawan;Tadyawan;;;;;;;;;;;;;
iraya;Iraya;;;;;;;;;;;;;
tagbanwa;Tagbanwa;;;;;;;;;;;;;
cuyonon;Cuyonon;;;;;;;;;;;;;
kagayanen;Kagayanen;;;;;;;;;;;;;
palawan;Palawan;;;;;;;;;;;;;
bato;Taut Bato;;;;;;;;;;;;;
molbog;Molbog;;;;;;;;;;;;;
romblomanon;Romblomanon;;;;;;;;;;;;;
cebuano;Cebuano;;;;;;;;;;;;;
hiligaynon;Hiligaynon;;;;;;;;;;;;;
magahat;Magahat;;;;;;;;;;;;;
ati;Ati;;;;;;;;;;;;;
hamtikanon;Hamtikanon;;;;;;;;;;;;;
masbatenyo;Masbatenyo;;;;;;;;;;;;;
waray;Waray;;;;;;;;;;;;;
yakan;Yakan;;;;;;;;;;;;;
tausug;Tausug;;;;;;;;;;;;;
sama;Sama;;;;;;;;;;;;;
subanon;Subanon;;;;;;;;;;;;;
manobo;Manobo;;;;;;;;;;;;;
higaonon;Higaonon;;;;;;;;;;;;;
mamanwa;Mamanwa;;;;;;;;;;;;;
surigaonon;Surigaonon;;;;;;;;;;;;;
blaan;Blaan;;;;;;;;;;;;;
mansaka;Mansaka;;;;;;;;;;;;;
lanao;Lanao;;;;;;;;;;;;;
iranun;Iranun;;;;;;;;;;;;;
teduray;Teduray;;;;;;;;;;;;;
maguindanaon;Maguindanaon;;;;;;;;;;;;;
qajar;Qajar;;;;;;;;;;;;;
venetian;Venetian;;;;;;;;;;;;;
tuscan;Tuscan;;;;;;;;;;;;;
neapolitan;Neapolitan;;;;;;;;;;;;;
mediano;Central Italian;;;;;;;;;;;;;
galloitalian;Cisalpine;;;;;;;;;;;;;
sicilianu;Sicilian;;;;;;;;;;;;;
maduran;Maduran;;;;;;;;;;;;;
sundanese;Sundanese;;;;;;;;;;;;;
baduy;Baduy;;;;;;;;;;;;;
banten;Banten;;;;;;;;;;;;;
betawi;Betawi;;;;;;;;;;;;;
acehnese;Acehnese;;;;;;;;;;;;;
alas;Alas;;;;;;;;;;;;;
batak;Batak;;;;;;;;;;;;;
minangkabau;Minangkabau;;;;;;;;;;;;;
nias;Nias;;;;;;;;;;;;;
rejang;Rejang;;;;;;;;;;;;;
bengkulu;Bengkulu;;;;;;;;;;;;;
mun_nulu;Mun Nulu;;;;;;;;;;;;;
lampung;Lampung;;;;;;;;;;;;;
sekah;Sekah;;;;;;;;;;;;;
sarakatsani;Sarakatsani;;;;;;;;;;;;;
khorasani;Khorasani;;;;;;;;;;;;;
pijao;Pijao;;;;;;;;;;;;;
bora;Bora;;;;;;;;;;;;;
uinono;Uinono;;;;;;;;;;;;;
mirana;Miraña;;;;;;;;;;;;;
ocaina;Ocaina;;;;;;;;;;;;;
meneca;Meneca;;;;;;;;;;;;;
nonuya;Nonuya;;;;;;;;;;;;;
nipode;Nipode;;;;;;;;;;;;;
kainuu;Kainuu;;;;;;;;;;;;;
valdotains;Valdôtain;;;;;;;;;;;;;
silesian;Silesian;;;;;;;;;;;;;
poland_german;Poland German;;;;;;;;;;;;;
transylvania_german;Transylvanian Saxon;;;;;;;;;;;;;
crimean_german;Crimea German;;;;;;;;;;;;;
mexican_norteno;Norteño;;;;;;;;;;;;;
yucateco;Yucatecan;;;;;;;;;;;;;
totonaco;Totonaco;;;;;;;;;;;;;
tarahumara;Tarahumara;;;;;;;;;;;;;
pima;Pima;;;;;;;;;;;;;
guarijio;Guarijio;;;;;;;;;;;;;
cahita;Cahita;;;;;;;;;;;;;
tapahuano;Tepehuano;;;;;;;;;;;;;
irritila;Irritila;;;;;;;;;;;;;
mayo;Mayo;;;;;;;;;;;;;
yaqui;Yaqui;;;;;;;;;;;;;
opata;Opata;;;;;;;;;;;;;
hutchol;Hulchol;;;;;;;;;;;;;
cora;Cora;;;;;;;;;;;;;
kikapu;Kikapú;;;;;;;;;;;;;
purepecha;Purépecha;;;;;;;;;;;;;
kaqchikel;Kaqchikel;;;;;;;;;;;;;
otomi;Otomí;;;;;;;;;;;;;
akateko;Akateko;;;;;;;;;;;;;
chol;Ch'ol;;;;;;;;;;;;;
chontal;Chontal;;;;;;;;;;;;;
ixcateco;Ixcateco;;;;;;;;;;;;;
mam;Mam;;;;;;;;;;;;;
qatok;Qatok;;;;;;;;;;;;;
mocho;Mocho';;;;;;;;;;;;;
tseital;Tseltal;;;;;;;;;;;;;
jakalteco;Jakalteco;;;;;;;;;;;;;
zoque;Zoque;;;;;;;;;;;;;
tsotsil;Tsotsil;;;;;;;;;;;;;
tojolabal;Tojolab'al;;;;;;;;;;;;;
huasteco;Huasteco;;;;;;;;;;;;;
chinanteco;Chinanteco;;;;;;;;;;;;;
sayulteco;Sayulteco;;;;;;;;;;;;;
texistepequeno;Texistepequeño;;;;;;;;;;;;;
pame;Pame;;;;;;;;;;;;;
mixteco;Mixteco;;;;;;;;;;;;;
amuzgo;Amuzgo;;;;;;;;;;;;;
tlapaneco;Tlapaneco;;;;;;;;;;;;;
matlanzica;Matlanzica;;;;;;;;;;;;;
popoloca;Popoloca;;;;;;;;;;;;;
chatino;Chatino;;;;;;;;;;;;;
huave;Huave;;;;;;;;;;;;;
triqui;Triqui;;;;;;;;;;;;;
kumiai;Kumiai;;;;;;;;;;;;;
awakateko;Awakateko;;;;;;;;;;;;;
nahua;Nahua;;;;;;;;;;;;;
ixil;Ixil;;;;;;;;;;;;;
choru;Choru;;;;;;;;;;;;;
poqomam;Poqomam;;;;;;;;;;;;;
kiche;Kiche;;;;;;;;;;;;;
qanjobal;Q'anjob'al;;;;;;;;;;;;;
chui;Chui;;;;;;;;;;;;;
achi;Achi;;;;;;;;;;;;;
itza;Itza;;;;;;;;;;;;;
lacandan;Lacandan;;;;;;;;;;;;;
mopan;Mopan;;;;;;;;;;;;;
qeqchi;Qeqchi;;;;;;;;;;;;;
pocoman;Pocoman;;;;;;;;;;;;;
chorti;Chorti;;;;;;;;;;;;;
pipil;Pipil;;;;;;;;;;;;;
lenca;Lenca;;;;;;;;;;;;;
tokupan;Tokupan;;;;;;;;;;;;;
pech;Pech;;;;;;;;;;;;;
tawahka;Tawahka;;;;;;;;;;;;;
sutiava;Sutiava;;;;;;;;;;;;;
chorotega;Chorotega;;;;;;;;;;;;;
matagalpa;Matagalpa;;;;;;;;;;;;;
bribri;Bribri;;;;;;;;;;;;;
cabecar;Cabécar;;;;;;;;;;;;;
ngabe;Ngäbe;;;;;;;;;;;;;
guatuso;Guatuso;;;;;;;;;;;;;
bokota;Buglere;;;;;;;;;;;;;
embera;Emberá;;;;;;;;;;;;;
kuna;Kuna;;;;;;;;;;;;;
teribe;Teribe;;;;;;;;;;;;;
wounaan;Wounaan;;;;;;;;;;;;;
yuri;Yurí;;;;;;;;;;;;;
achagua;Achagua;;;;;;;;;;;;;
karu;Karú;;;;;;;;;;;;;
kurripako;Kurripako;;;;;;;;;;;;;
cabiyari;Cabiyari;;;;;;;;;;;;;
piapoco;Piapoco;;;;;;;;;;;;;
awa_pit;Awá Pit;;;;;;;;;;;;;
coconucan;Coconucan;;;;;;;;;;;;;
paez;Paez;;;;;;;;;;;;;
kichwa;Ingashimi;;;;;;;;;;;;;
malibu;Malibú;;;;;;;;;;;;;
yukpa;Yukpa;;;;;;;;;;;;;
opon;Opóncarare;;;;;;;;;;;;;
carijona;Carijona;;;;;;;;;;;;;
arhuaco;Arhuaco;;;;;;;;;;;;;
uwa;Wiwa;;;;;;;;;;;;;
macaguan;Macaguán;;;;;;;;;;;;;
hitnu;Hitnü;;;;;;;;;;;;;
guayabero;Guayabero;;;;;;;;;;;;;
kakwa_nukak;Kakwa-Nukak;;;;;;;;;;;;;
puninave;Puinave;;;;;;;;;;;;;
jupda;Jup;;;;;;;;;;;;;
saliban;Piaroa-Saliban;;;;;;;;;;;;;
tinigua;Tinigua-Pamigua;;;;;;;;;;;;;
camsa;Camsá;;;;;;;;;;;;;
ticuna;Ticuna;;;;;;;;;;;;;
andoque;Andoque;;;;;;;;;;;;;
koreguaje;Koreguaje;;;;;;;;;;;;;
cubeo;Cubeo;;;;;;;;;;;;;
tatuyo;Tatuyo;;;;;;;;;;;;;
piratopuyo;Guanano;;;;;;;;;;;;;
tariana;Tariana;;;;;;;;;;;;;
desano;Desano;;;;;;;;;;;;;
macuna;Macuna;;;;;;;;;;;;;
yuruti;Yurutí;;;;;;;;;;;;;
tsafiki;Tsafiki;;;;;;;;;;;;;
shuar;Shuar;;;;;;;;;;;;;
achuar;Achuar;;;;;;;;;;;;;
shayawita;Shayawita;;;;;;;;;;;;;
runasimi;Runasimi;;;;;;;;;;;;;
aido_pai;Aido Pai;;;;;;;;;;;;;
zaparo;Záparo;;;;;;;;;;;;;
esmeraldeno;Esmeraldeño;;;;;;;;;;;;;
chapalaachi;Cha'palaachi;;;;;;;;;;;;;
quechua;Qhiswasimi;;;;;;;;;;;;;
jaqaru;Jaqaru;;;;;;;;;;;;;
kawki;Kawki;;;;;;;;;;;;;
kulyna;Kulyna;;;;;;;;;;;;;
yine;Yine;;;;;;;;;;;;;
ashaninca;Ashaninca;;;;;;;;;;;;;
kakataibo;Kakataibo;;;;;;;;;;;;;
kakinte;Kakinte;;;;;;;;;;;;;
matsiguenga;Matsiguenga;;;;;;;;;;;;;
nomatsiguenga;Nomatsiguenga;;;;;;;;;;;;;
mashcopiro;Mashcopiro;;;;;;;;;;;;;
yaminahua;Yaminahua;;;;;;;;;;;;;
wachipairi;Wachipairi;;;;;;;;;;;;;
hibito;Hibito;;;;;;;;;;;;;
huambiza;Huambiza;;;;;;;;;;;;;
amahuaca;Amahuaca;;;;;;;;;;;;;
waripano;Waripano;;;;;;;;;;;;;
shipibo;Shipibo;;;;;;;;;;;;;
cashibo;Cashibo;;;;;;;;;;;;;
eseejja;Ese'ejja;;;;;;;;;;;;;
peba_yagua;Peba-Yagua;;;;;;;;;;;;;
taushiro;Taushiro;;;;;;;;;;;;;
muniche;Muniche;;;;;;;;;;;;;
culli;Culli;;;;;;;;;;;;;
lingwara;Lingwara;;;;;;;;;;;;;
llakwash;Llakwash;;;;;;;;;;;;;
lingwa;Lingwa;;;;;;;;;;;;;
kechwa;Kechwa;;;;;;;;;;;;;
orejon;Orejon;;;;;;;;;;;;;
cocama;Cocama;;;;;;;;;;;;;
omagua;Omagua;;;;;;;;;;;;;
cahuaran;Cahuaran;;;;;;;;;;;;;
arabela;Arabela;;;;;;;;;;;;;
araona;Araona;;;;;;;;;;;;;
baure;Bauré;;;;;;;;;;;;;
besiro;Besiro;;;;;;;;;;;;;
cavinen;Cavinen;;;;;;;;;;;;;
chacobo;Chácobo;;;;;;;;;;;;;
chiman;Chimán;;;;;;;;;;;;;
waraza;Waraza;;;;;;;;;;;;;
guarayu;Guarayu;;;;;;;;;;;;;
itonama;Itonama;;;;;;;;;;;;;
kallawaya;Kallawaya;;;;;;;;;;;;;
mayopa;Mayopa;;;;;;;;;;;;;
moxo;Moxo;;;;;;;;;;;;;
itene;Itene;;;;;;;;;;;;;
pukina;Pukina;;;;;;;;;;;;;
siriono;Siriono;;;;;;;;;;;;;
takana;Takana;;;;;;;;;;;;;
uyu;Uru;;;;;;;;;;;;;
toromono;Toromono;;;;;;;;;;;;;
yawanawa;Yawanawa;;;;;;;;;;;;;
ayoreo;Ayoreo;;;;;;;;;;;;;
wichi;Wixi;;;;;;;;;;;;;
rapanui;Rapanui;;;;;;;;;;;;;
poya;Poyan;;;;;;;;;;;;;
mapuche;Mapuche;;;;;;;;;;;;;
cunco;Kunko;;;;;;;;;;;;;
guenoa;Guenoa;;;;;;;;;;;;;
ache;Aché;;;;;;;;;;;;;
chamacoco;Chamacoco;;;;;;;;;;;;;
manjuy;Guaykuru;;;;;;;;;;;;;
guana;Cashquiha;;;;;;;;;;;;;
lengua;Enlxet;;;;;;;;;;;;;
maka;Maká;;;;;;;;;;;;;
nivacle;Nivaclé;;;;;;;;;;;;;
chiripa;Chiripá;;;;;;;;;;;;;
pai_tavy;Pãi Tavyterã;;;;;;;;;;;;;
sanapana;Sanapaná;;;;;;;;;;;;;
toba;Toba;;;;;;;;;;;;;
palikur;Palikúr;;;;;;;;;;;;;
wayana;Wayana;;;;;;;;;;;;;
wayapi;Wayãpi;;;;;;;;;;;;;
emerillo;Emerillo;;;;;;;;;;;;;
akurio;Akurio;;;;;;;;;;;;;
mawayana;Mawayana;;;;;;;;;;;;;
sikiana;Sikiana;;;;;;;;;;;;;
lokono;Lokono;;;;;;;;;;;;;
tiriyo;Tiriyó;;;;;;;;;;;;;
waiwai;Wai Wai;;;;;;;;;;;;;
akawayo;Akawayo;;;;;;;;;;;;;
wapishana;Wapishana;;;;;;;;;;;;;
patamona;Patamona;;;;;;;;;;;;;
xiriana;Xiriana;;;;;;;;;;;;;
paraujano;Paraujano;;;;;;;;;;;;;
warekena;Warekena;;;;;;;;;;;;;
panare;Panare;;;;;;;;;;;;;
japreria;Japreria;;;;;;;;;;;;;
pemon;Pemón;;;;;;;;;;;;;
mapoyo;Mapoyo;;;;;;;;;;;;;
yekuana;Yekuana;;;;;;;;;;;;;
yanam;Yanam;;;;;;;;;;;;;
sanuma;Sanuma;;;;;;;;;;;;;
apalai;Apalai;;;;;;;;;;;;;
yapana;Yapana;;;;;;;;;;;;;
kaxuiana;Kaxuiana;;;;;;;;;;;;;
wayumara;Wayumara;;;;;;;;;;;;;
paravilhana;Paravilhana;;;;;;;;;;;;;
joti;Joti;;;;;;;;;;;;;
jirajana;Jirajana;;;;;;;;;;;;;
guamontey;Guamontey;;;;;;;;;;;;;
arutani;Arutani;;;;;;;;;;;;;
ninam;Ninam;;;;;;;;;;;;;
maquintari;Maquintari;;;;;;;;;;;;;
jukude;Jukude;;;;;;;;;;;;;
charrua;Charrúa;;;;;;;;;;;;;
yanomamo;Yanomamo;;;;;;;;;;;;;
yanomami;Yanomami;;;;;;;;;;;;;
mandawaca;Mandawaca;;;;;;;;;;;;;
mainatari;Mainatari;;;;;;;;;;;;;
yaminawa;Yaminawá;;;;;;;;;;;;;
xanenawa;Xanenawa;;;;;;;;;;;;;
kaxarari;Kaxararí;;;;;;;;;;;;;
latunde;Latundê;;;;;;;;;;;;;
sabane;Sabanê;;;;;;;;;;;;;
yabuti;Yabutí;;;;;;;;;;;;;
karitiana;Karitiâna;;;;;;;;;;;;;
arua;Aruá;;;;;;;;;;;;;
kawahiva;Kawahíva;;;;;;;;;;;;;
tupari;Tuparí;;;;;;;;;;;;;
surui;Suruí;;;;;;;;;;;;;
wayoro;Wayoró;;;;;;;;;;;;;
emawene_nawe;Emawene Nawe;;;;;;;;;;;;;
monde;Monde;;;;;;;;;;;;;
ariak;Aruak;;;;;;;;;;;;;
nambikwara;Nambikwara;;;;;;;;;;;;;
rikboktsa;Rikboktsá;;;;;;;;;;;;;
iranxe;Iranxe;;;;;;;;;;;;;
bororo;Boróro;;;;;;;;;;;;;
karaja;Karajá;;;;;;;;;;;;;
ofaie;Ofaié;;;;;;;;;;;;;
terena;Terêna;;;;;;;;;;;;;
quiniquinao;Quiniquinao;;;;;;;;;;;;;
guaikuru;Guaikuru;;;;;;;;;;;;;
kaiwa;Kaiwá;;;;;;;;;;;;;
xokleng;Xokleng;;;;;;;;;;;;;
kaingang;Kaingang;;;;;;;;;;;;;
krenak;Krenak;;;;;;;;;;;;;
maxakali;Maxakali;;;;;;;;;;;;;
aimore;Aimore;;;;;;;;;;;;;
apinaje;Apinajé;;;;;;;;;;;;;
karipuna;Karipuna;;;;;;;;;;;;;
galibi;Galibi;;;;;;;;;;;;;
wayampi;Wayampi;;;;;;;;;;;;;
tremembe;Tremembe;;;;;;;;;;;;;
mawe;Mawe;;;;;;;;;;;;;
akwawa;Akwawa;;;;;;;;;;;;;
asurini;Asurini;;;;;;;;;;;;;
parakana;Parakanã;;;;;;;;;;;;;
kayabi;Kayabi;;;;;;;;;;;;;
anambe;Anambe;;;;;;;;;;;;;
guaja;Guaja;;;;;;;;;;;;;
zoe;Zo'é;;;;;;;;;;;;;
turiwara;Turiwára;;;;;;;;;;;;;
kayapo;Kayapo;;;;;;;;;;;;;
munduruku;Munduruku;;;;;;;;;;;;;
kisedje;Kisedje;;;;;;;;;;;;;
apurina;Apuriña;;;;;;;;;;;;;
katukina;Katukina;;;;;;;;;;;;;
mura;Mura;;;;;;;;;;;;;
waimiri;Waimiri;;;;;;;;;;;;;
bonari;Bonari;;;;;;;;;;;;;
hixkaryana;Hixkaryana;;;;;;;;;;;;;
parukoto;Parauana;;;;;;;;;;;;;
amanaye;Amanaye;;;;;;;;;;;;;
tapayuna;Tapayuna;;;;;;;;;;;;;
kisejde;Kisejde;;;;;;;;;;;;;
mebengokre;Mebengokre;;;;;;;;;;;;;
passamaquoddy;Passamaquoddy;;;;;;;;;;;;;
east_cree;East Cree;;;;;;;;;;;;;
mikmaq;Mi'kmaq;;;;;;;;;;;;;
innu;Innu;;;;;;;;;;;;;
naskapi;Naskapi;;;;;;;;;;;;;
maliseet;Maliseet;;;;;;;;;;;;;
eastern_abenaki;Eastern Abenaki;;;;;;;;;;;;;
western_abenaki;Western Abenaki;;;;;;;;;;;;;
otomaco;Otomaco;;;;;;;;;;;;
yabarana;Yabarana;;;;;;;;;;;;
macushi;Macuxi;;;;;;;;;;;;
bakairi;Bakairí;;;;;;;;;;;;
amonap;Apalakiri;;;;;;;;;;;;
matipu;Matipu;;;;;;;;;;;;
kalapalo;Kalapalo;;;;;;;;;;;;
nicoleno;Nicoleño;;;;;;;;;;;;
kamchadal;Kamchadal;;;;;;;;;;;;
mator;Mator;;;;;;;;;;;;
yukaghir;Anaul;;;;;;;;;;;;
chuvan;Chuvan;;;;;;;;;;;;
kerek;Kerek;;;;;;;;;;;;
koryak;Koryak;;;;;;;;;;;;
itelmen;Itelmen;;;;;;;;;;;;
alyutor;Alyutor;;;;;;;;;;;;
baraba;Baraba;;;;;;;;;;;;
tubalar;Tubalar;;;;;;;;;;;;
karatay;Karatay;;;;;;;;;;;;
soyot;Soyot;;;;;;;;;;;;
chelkan;Chelkan;;;;;;;;;;;;
khakass;Khakass;;;;;;;;;;;;
kyzyl;Kyzyl;;;;;;;;;;;;
sagay;Sagay;;;;;;;;;;;;
beltir;Beltir;;;;;;;;;;;;
kalmaki;Kalmaki;;;;;;;;;;;;
teleut;Teleut;;;;;;;;;;;;
kumandin;Kumandin;;;;;;;;;;;;
chulym;Chulym;;;;;;;;;;;;
shor;Shor;;;;;;;;;;;;
chat;Chat;;;;;;;;;;;;
eushtintsy;Eushtintsy;;;;;;;;;;;;
chodove;Chodové;;;;;;;;;;;;
circassian;Circassian;;;;;;;;;;;;
georgian;Georgian;;;;;;;;;;;;
clatskanie;Clatskanie;;;;;;;;;;;;
molalla;Molalla;;;;;;;;;;;;
torres_islander;Torres Strait Islander;;;;;;;;;;;;
csangos;Csángó;;;;;;;;;;;;
vlach;Vlach;;;;;;;;;;;;
portuguese_burghers;Portuguese Burgher;;;;;;;;;;;;
bayingyi;Bayingyi;;;;;;;;;;;;
kristang;Kristang;;;;;;;;;;;;
jejulang;Jeju;;;;;;;;;;;;
shabak;Shabak;;;;;;;;;;;;
moravian;Moravian;;;;;;;;;;;;
szekler;Székely;;;;;;;;;;;;
mezoseg;Mezóségi;;;;;;;;;;;;
pogarli;Tubyl-Irtesh;;;;;;;;;;;;
nubian;Nubian;;;;;;;;;;;;
qarapapaq;Qarapapaq;;;;;;;;;;;;
twa;Twa;;;;;;;;;;;;
aborigine;Pama–Nyungan;;;;;;;;;;;;
garawano_tangkic;Garawano-Tangkic;;;;;;;;;;;;
arnhemic;Arnhemic;;;;;;;;;;;;
mindi;Mindi;;;;;;;;;;;;
giimbiyu;Giimbiyu;;;;;;;;;;;;
iwaidjan;Iwaidjan;;;;;;;;;;;;
darwin;Darwin;;;;;;;;;;;;
tiwi_islander;Tiwi Islander;;;;;;;;;;;;
wardaman;Wardaman;;;;;;;;;;;;
wagiman;Wagiman;;;;;;;;;;;;
daly;Daly-Malak;;;;;;;;;;;;
jarrakan;Jarrakan;;;;;;;;;;;;
bunuban;Bunuban;;;;;;;;;;;;
worrorran;Worrorran;;;;;;;;;;;;
nyulnyulan;Nyulnyulan;;;;;;;;;;;;
lach;Lach;;;;;;;;;;;;
saho;Saho;;;;;;;;;;;;
nara_people;Nara;;;;;;;;;;;;
bilen;Bilen;;;;;;;;;;;;
kunama;Kunama;;;;;;;;;;;;
sertanejo;Sertanejo;;;;;;;;;;;;
okanagan;Okanagan;;;;;;;;;;;;
kwakiutl;Kwakiutl;;;;;;;;;;;;
makah;Makah;;;;;;;;;;;;
chimakuan;Chimakum;;;;;;;;;;;;
deeznutks;Nuu-chah-nulth;;;;;;;;;;;;
aimaq;Aimaq;;;;;;;;;;;;
vallahade;Vallahade;;;;;;;;;;;;
pomak;Pomak;;;;;;;;;;;;
torbesi;Torbeši;;;;;;;;;;;;
tshitak;Tshitak;;;;;;;;;;;;
krymchak;Krymchak;;;;;;;;;;;;
scanian;Scanian;;;;;;;;;;;;
lipovan;Lipovan;;;;;;;;;;;;
nekrasovite;Nekrasovite;;;;;;;;;;;;
doukhobor;Doukhobor;;;;;;;;;;;;
jamska;Jämska;;;;;;;;;;;;
gotlandic;Gotlandic;;;;;;;;;;;;
estremenu;Estremeñu;;;;;;;;;;;;
fala_xalima;Xalimego;;;;;;;;;;;;
slovincian;Slovincian;;;;;;;;;;;;
eonaviego;Eonaviegan;;;;;;;;;;;;
imallod_isneg;Imallod-Isnag;;;;;;;;;;;;
imandaya_isnag;Imandaya-Isnag;;;;;;;;;;;;
paisa;Paisa;;;;;;;;;;;;
costeno;Costeño;;;;;;;;;;;;
llanero;Llanero;;;;;;;;;;;;
peranakan;Peranakan;;;;;;;;;;;;
bandanesian;Bandanesian;;;;;;;;;;;;
halmaheran;Halmaheran;;;;;;;;;;;;
mai_kalabra;Mai-Kalabra;;;;;;;;;;;;
mairasi;Mairasi;;;;;;;;;;;;
geelvinkian;Geelvinkian;;;;;;;;;;;;
asmat;Asmat;;;;;;;;;;;;
agwyu;Agwyu;;;;;;;;;;;;
okapsmin;Okapsmin;;;;;;;;;;;;
marind;Marind;;;;;;;;;;;;
bauzi;Bauzi;;;;;;;;;;;;
metotetun;Metotetun;;;;;;;;;;;;
kwomtari;Kwomtari;;;;;;;;;;;;
baining;Baining;;;;;;;;;;;;
adzera;Adzera;;;;;;;;;;;;
may_brat;May Brat;;;;;;;;;;;;
gkewa;Gkewa;;;;;;;;;;;;
omati_mena;Omati-Mena;;;;;;;;;;;;
koiali;Koiali;;;;;;;;;;;;
suau;Suau;;;;;;;;;;;;
duau;Duau;;;;;;;;;;;;
maracucho;Maracucho;;;;;;;;;;;;
chin;Chin;;;;;;;;;;;;
mizo;Mizo;;;;;;;;;;;;
afshar;Afshar;;;;;;;;;;;;
aynallu;Äynallu;;;;;;;;;;;;
baharlu;Baharlu;;;;;;;;;;;;
indonesian;Indo;;;;;;;;;;;;
baekjeong;Baekjeong;;;;;;;;;;;;
burakumin;Burakumin;;;;;;;;;;;;
akhdam;Akhdam;;;;;;;;;;;;
ragyabpa;Ragyabpa;;;;;;;;;;;;
ohuhu;Ohuhu;;;;;;;;;;;;
osu_caste;Osu;;;;;;;;;;;;
bhil;Bhil;;;;;;;;;;;;
korku;Korku;;;;;;;;;;;;
gondi;Gondi;;;;;;;;;;;;
santali;Santali;;;;;;;;;;;;
mundari;Mundari;;;;;;;;;;;;
ho_munda;Ho;;;;;;;;;;;;
kharia;Kharia;;;;;;;;;;;;
juang;Juang;;;;;;;;;;;;
sora_gutob;Sora-Gutob;;;;;;;;;;;;
deccani;Deccani;;;;;;;;;;;;
sus_culture;Sus;;;;;;;;;;;;
naga_anal;Anal;;;;;;;;;;;;
whatever_naga;Nagan;;;;;;;;;;;;
arakanese;Akaranese;;;;;;;;;;;;
chittagonian;Chittagonian;;;;;;;;;;;;
rohingya;Rohingya;;;;;;;;;;;;
chakma;Chakma;;;;;;;;;;;;
riang;Riang;;;;;;;;;;;;
rakhine;Rakhine;;;;;;;;;;;;
garo;Garo;;;;;;;;;;;;
oraon_sadri;Oraon Sadri;;;;;;;;;;;;
kurux;Kurux;;;;;;;;;;;;
meithei;Meithei;;;;;;;;;;;;
mru_culture;Mru;;;;;;;;;;;;
moimba;Moimba;;;;;;;;;;;;
vaiphei;Vaiphei;;;;;;;;;;;;
khamti;Khamti;;;;;;;;;;;;
bado;Bado;;;;;;;;;;;;
lepcha;Lepcha;;;;;;;;;;;;
rajbanshi;Rajbanshi;;;;;;;;;;;;
sylheti;Sylheti;;;;;;;;;;;;
bundeli;Bundeli;;;;;;;;;;;;
waddar;Waddar;;;;;;;;;;;;
lambadi;Lambadi;;;;;;;;;;;;
yerukala;Yerukala;;;;;;;;;;;;
andh;Andh;;;;;;;;;;;;
konkani;Konkani;;;;;;;;;;;;
luti;Luti;;;;;;;;;;;;
faetar;Faetar;;;;;;;;;;;;
cimbrian;Cimbrian;;;;;;;;;;;;
altai_culture;Altai;;;;;;;;;;;;
polska_roma;Polska Roma;;;;;;;;;;;;
wenatchi;Wenatchi;;;;;;;;;;;;
upper_chehalis;Upper Chehalis;;;;;;;;;;;;
lower_chehalis;Lower Chehalis;;;;;;;;;;;;
cowichan;Cowichan;;;;;;;;;;;;
cowlitz;Cowlitz;;;;;;;;;;;;
duwamish;Duwamish;;;;;;;;;;;;
esquimault;Esquimault;;;;;;;;;;;;
klallam;Klallam;;;;;;;;;;;;
musqueam;Musqueam;;;;;;;;;;;;
stolo;Stolo;;;;;;;;;;;;
comox;Comox;;;;;;;;;;;;
homalco;Homalco;;;;;;;;;;;;
klahoose;Klahoose;;;;;;;;;;;;
helitsuk;Heiltsuk;;;;;;;;;;;;
oweekano;Oweekano;;;;;;;;;;;;
tlaamin;Tla'amin;;;;;;;;;;;;
lummi;Lummi;;;;;;;;;;;;
muckleshoot;Muckleshoot;;;;;;;;;;;;
nisqually;Nisqually;;;;;;;;;;;;
nooksack;Nooksack;;;;;;;;;;;;
pentlatch;Pentlatch;;;;;;;;;;;;
puyallup;Puyallup;;;;;;;;;;;;
saanich;Saanich;;;;;;;;;;;;
samish;Samish;;;;;;;;;;;;;;;;;;;;;;;;
semiahmoo;Semiahmoo;;;;;;;;;;;;
sechelt;Sechelt;;;;;;;;;;;;
lower_skagit;Lower Skagit;;;;;;;;;;;;
upper_skagit;Upper Skagit;;;;;;;;;;;;
twana;Twana;;;;;;;;;;;;
snohomish;Snohomish;;;;;;;;;;;;
snoqualmie;Snoqualmie;;;;;;;;;;;;
songhee;Songhee;;;;;;;;;;;;
squamish;Squamish;;;;;;;;;;;;
squaxin;Squaxin;;;;;;;;;;;;
stillaguamish;Stillaguamish;;;;;;;;;;;;
suquamish;Suquamish;;;;;;;;;;;;
swinomish;Swinomish;;;;;;;;;;;;
tsetsaut;Tsetsaut;;;;;;;;;;;;
tsooke;Tsooke;;;;;;;;;;;;
sauk_suiattle;Sauk-Suiattle;;;;;;;;;;;;
willapa;Willapa;;;;;;;;;;;;
quileute;Quileute;;;;;;;;;;;;
kathlamet;Kathlamet;;;;;;;;;;;;
sinkiuse;Sinkiuse;;;;;;;;;;;;
colville;Colville;;;;;;;;;;;;
san_poil;San Poil;;;;;;;;;;;;
nespelem;Nespelem;;;;;;;;;;;;
sinixt;Sinixt;;;;;;;;;;;;
methow;Methow;;;;;;;;;;;;
chelan;Chelan;;;;;;;;;;;;
entiat;Entiat;;;;;;;;;;;;
pswanwapam;Pswanwapam;;;;;;;;;;;;
skinpah;Skinpah;;;;;;;;;;;;
kittitas;Kittitas;;;;;;;;;;;;
chamnapam;Chamnapam;;;;;;;;;;;;
wauyukma;Wauyukma;;;;;;;;;;;;
naxiyampam;Naxiyampam;;;;;;;;;;;;
stuwix;Stuwix;;;;;;;;;;;;
nlakapamux;Nlakapamux;;;;;;;;;;;;
dakelh;Dakelh;;;;;;;;;;;;
sekani;Sekani;;;;;;;;;;;;
babine;Babine;;;;;;;;;;;;
danezaa;Dane-zaa;;;;;;;;;;;;
slavey;Slavey;;;;;;;;;;;;
shuwsap;Shuswap;;;;;;;;;;;;
wetsuweten;Wetsuweten;;;;;;;;;;;;
tagish;Tagish;;;;;;;;;;;;
tahtlan;Tahtlan;;;;;;;;;;;;
kaska;Kaska;;;;;;;;;;;;
nisgaa;Nisgaa;;;;;;;;;;;;
gitxsan;Gitxsan;;;;;;;;;;;;
halkomelem;Halkomelem;;;;;;;;;;;;
quinault;Quinault;;;;;;;;;;;;
ditidaht;Ditidaht;;;;;;;;;;;;
heilsuk;Heilsuk;;;;;;;;;;;;
haisla;Haisla;;;;;;;;;;;;
shuswap;Shuswap;;;;;;;;;;;;
yaeyama;Yaeyama;;;;;;;;;;;;
yonaguni;Yonaguni;;;;;;;;;;;;
miyakoan;Miyakoan;;;;;;;;;;;;
tarama;Tarama;;;;;;;;;;;;
hachijo;Hachijo;;;;;;;;;;;;
tokunoshima;Tokunoshima;;;;;;;;;;;;
okinoerabu;Okinoerabu;;;;;;;;;;;;
kunigami;Kunigami;;;;;;;;;;;;
amami;Amami;;;;;;;;;;;;
yoron;Yoron;;;;;;;;;;;;
kikai;Kikai;;;;;;;;;;;;
sama_bajau;Sama-Bajau;;;;;;;;;;;;
orang_laut;Orang Laut;;;;;;;;;;;;
moken;Moken;;;;;;;;;;;;
kedayan;Kedayan;;;;;;;;;;;;
romaniote;Romaniote;;;;;;;;;;;;
xamtanga;Xamtanga;;;;;;;;;;;;
qimant;Qimant;;;;;;;;;;;;
gule;Gule;;;;;;;;;;;;
kunfal;Kunfal;;;;;;;;;;;;
awngi;Awngi;;;;;;;;;;;;
sidama;Sidamic;;;;;;;;;;;;
harari;Harari;;;;;;;;;;;;
gurage;Gurage;;;;;;;;;;;;
amazonico;Amazonic;;;;;;;;;;;;
gumuz;Komuz;;;;;;;;;;;;
kott;Kott;;;;;;;;;;;;
dolgan;Dolgan;;;;;;;;;;;;
ili_turkish;Ili;;;;;;;;;;;;
nganasan;Nganasan;;;;;;;;;;;;
tetserret;Tetserret;;;;;;;;;;;;
andaqui;Andaki;;;;;;;;;;;;
tunebo;Tunebo;;;;;;;;;;;;
yarigui;Yarigui;;;;;;;;;;;;
muisco;Muisco;;;;;;;;;;;;
timote;Timote;;;;;;;;;;;;
kumana;Cumanagote;;;;;;;;;;;;
kakan;Kakán;;;;;;;;;;;;
camanchaco;Camanchaco;;;;;;;;;;;;
ayoreo;Ayoreo;;;;;;;;;;;;
puri;Puri;;;;;;;;;;;;
waura;Waura;;;;;;;;;;;;
xakriaba;Xakriabá;;;;;;;;;;;;
kamaka;Kamakã;;;;;;;;;;;;
kariri;Kariri;;;;;;;;;;;;
akroa;Akroá;;;;;;;;;;;;
pankaruru;Pankarurú;;;;;;;;;;;;
xavante;Xavante;;;;;;;;;;;;
aweti;Aweti;;;;;;;;;;;;
kaapor;Ka'apor;;;;;;;;;;;;
timbira;Timbira;;;;;;;;;;;;
juruna;Yuruna;;;;;;;;;;;;
xikrin;Xikrin;;;;;;;;;;;;
manao;Manaos;;;;;;;;;;;;
cariay;Cariay;;;;;;;;;;;;
matanawi;Matanawi;;;;;;;;;;;;
yuqui;Yuqui;;;;;;;;;;;;
tonalla;Tonalla;;;;;;;;;;;;
pacahuara;Pacahuara;;;;;;;;;;;;
nahwa;Nahwa;;;;;;;;;;;;
machinere;Machinere;;;;;;;;;;;;
sharanahua;Sharanahua;;;;;;;;;;;;
cashinahua;Cashinahua;;;;;;;;;;;;
kanamari;Kanamari;;;;;;;;;;;;
tuxinawa;Tuxinawa;;;;;;;;;;;;
poyanawa;Poyanawa;;;;;;;;;;;;
banawa;Banawa;;;;;;;;;;;;
paumari;Paumari;;;;;;;;;;;;
juma;Juma;;;;;;;;;;;;
marubo;Marubo;;;;;;;;;;;;
jamamadi;Jamamadi;;;;;;;;;;;;
jarawara;Jarawara;;;;;;;;;;;;
deni;Deni;;;;;;;;;;;;
katawixi;Katawixi;;;;;;;;;;;;
himarima;Himarima;;;;;;;;;;;;
suruaha;Suruaha;;;;;;;;;;;;
pisabo;Pisabo;;;;;;;;;;;;
kapanahua;Kapanahua;;;;;;;;;;;;
matis;Matis;;;;;;;;;;;;
araiku;Araiku;;;;;;;;;;;;
amarakaeri;Amarakaeri;;;;;;;;;;;;
yanesha;Yanesha;;;;;;;;;;;;
aguaruna;Aguaruna;;;;;;;;;;;;
huitoto;Huitoto;;;;;;;;;;;;
caishana;Caishana;;;;;;;;;;;;
jumana;Jumana;;;;;;;;;;;;
passe;Passe;;;;;;;;;;;;
nadeb;Nadëb;;;;;;;;;;;;
mepuri;Mepuri;;;;;;;;;;;;
tukano;Tukano;;;;;;;;;;;;
guahibo;Guahibo;;;;;;;;;;;;
pueblo;Pueblo;;;;;;;;;;;;
mormon_culture;Mormon;;;;;;;;;;;;
paikoka;Paikoka;;;;;;;;;;;;
zapoteco;Zapoteco;;;;;;;;;;;;
