Key;English;French;German;Polish;Spanish;Italian;Swedish;Czech;Hungarian;
sugar_RGO_SIZE;Sugarcane plantation size;;;;;;;;;
sugar;Sugar;;;;;;;;;
BRZ_2457;Paraná & Santa Catharina;;;;;;;;;
PROV2446;São João D'el-Rey;;;;;;;;;
PROV2449;Victória;;;;;;;;;
PROV2462;Kreie-bang-rê;;;;;;;;;
PROV2457;Curityba;;;;;;;;;
PROV2420;Kadiwéu;;;;;;;;;
PROV3556;Tupukhumak;;;;;;;;;
PROV3560;Kurangilawe;;;;;;;;;
PROV3567;Ye'pâmasa;;;;;;;;;
PROV3444;Mantiqueira;;;;;;;;;
PROV2402;Uatumã;;;;;;;;;
PROV3584;Rio de Janeiro;;;;;;;;;
PROV2447;Nitherohy;;;;;;;;;
PROV1049;Anapa;;;;;;;;;
PROV2532;Xirianá;;;;;;;;;
PROV2443;Diamantina;;;;;;;;;
PROV2986;Abrolhos Archipelago;;;;;;;;;
PROV2988;Riograndense Coast;;;;;;;;;
RUS_968;Podolye;;;;;;;;;
PROV969;Birzula;;;;;;;;;
RUS_958;Kiev;;;;;;;;;
PROV958;Kiev;;;;;;;;;
PROV971;Elisavetgrad;;;;;;;;;
PROV978;Kharkov;;;;;;;;;
PROV917;al-Quds;;;;;;;;;
EGY_921;Filastin;;;;;;;;;
PROV916;Akka;;;;;;;;;
PROV918;Nabulus;;;;;;;;;
PROV919;al-Majdal;;;;;;;;;
PROV3357;Bir al-Saba;;;;;;;;;
PROV3474;Yafa;;;;;;;;;
PROV920;Ghazza;;;;;;;;;
PROV3641;Melo;;;;;;;;;
PROV2347;Maldonado;;;;;;;;;
PROV3618;Chuí;;;;;;;;;
PROV3642;Merim;;;;;;;;;
PROV3643;Lagoa dos Patos;;;;;;;;;
PROV3644;Colonia;;;;;;;;;
BRZ_2416;Matto Grosso;;;;;;;;;
BRZ_2421;Goyaz;;;;;;;;;
BRZ_2446_1;Minas Geraes;;;;;;;;;
PROV2428;Parahyba;;;;;;;;;
PROV3328;Elbing;;;;;;;;;
PROV3329;Osterode;;;;;;;;;
PROV3327;Allenstein;;;;;;;;;
PROV623;Oberwart;;;;;;;;;
PROV3376;Naexilpüt;;;;;;;;;
PROV909;Amman;;;;;;;;;
PROV908;Karak;;;;;;;;;
PROV278;Pisawa;;;;;;;;;
PEU_278;Ucayali;;;;;;;;;
BRZ_2429;Ceará;;;;;;;;;
BRZ_2428;Pernambuco;;;;;;;;;
PROV3443;Sabará;;;;;;;;;
PROV2442;Pitangui;;;;;;;;;
PROV2445;Uberaba;;;;;;;;;
PROV2444;Paracatu;;;;;;;;;
PROV3445;Itabira;;;;;;;;;
PROV3446;Rio Pardo de Minas;;;;;;;;;
PROV3653;Pe'reru Tepu;;;;;;;;;
PROV3654;Opliwa'lako;;;;;;;;;
PROV3655;Greenville;;;;;;;;;
PROV3656;Huntington;;;;;;;;;
PROV3657;Abingdon;;;;;;;;;
PROV3658;Verkhoturye;;;;;;;;;
PROV3666;Trindade e Martim Vaz;;;;;;;;;
PROV2401;Yamtëgduuh;;;;;;;;;
PROV4023;Inihta;;;;;;;;;
PROV4024;Ñumbyte;;;;;;;;;
PROV4022;Santa Cruz;;;;;;;;;
PROV4000;Ponta Grossa;;;;;;;;;
PROV3988;Ladário;;;;;;;;;
PROV3989;Cuiabá;;;;;;;;;
PROV3990;Casalvasco;;;;;;;;;
PROV3991;Bragança;;;;;;;;;
PROV3992;Wirau;;;;;;;;;
PROV3993;Kuary;;;;;;;;;
PROV3994;Manáos;;;;;;;;;
PROV2404;Barcelos;;;;;;;;;
PROV3996;Tabatinga;;;;;;;;;
PROV3999;Rio Branco;;;;;;;;;
PROV3995;Teffé;;;;;;;;;
PROV3998;São José;;;;;;;;;
PROV3997;Viera Grande;;;;;;;;;
PROV4001;Serra da Capivara;;;;;;;;;
PROV2554;Jatimi-Ara Porá;;;;;;;;;
PROV4029;Merseburg;;;;;;;;;
PROV4030;Tromsø;;;;;;;;;
PROV2458;Agûarápuaba;;;;;;;;;
PROV2460;Ipáuzandu;;;;;;;;;
PROV2453;Arasátyba;;;;;;;;;
PROV3987;Guazyéro;;;;;;;;;
PROV2419;Anhanduhy;;;;;;;;;
PROV2418;Ajkulula;;;;;;;;;
PROV2425;Karaîá'y;;;;;;;;;
PROV2417;Aripuanã;;;;;;;;;
PROV2550;Guamporé;;;;;;;;;
PROV3749;Tukuru'y;;;;;;;;;
PROV2413;Para'ypeb;;;;;;;;;
PROV2600;Bytí;;;;;;;;;
PROV2405;Uru'ará;;;;;;;;;
PROV2427;'Yruçuí;;;;;;;;;
PROV2421;Porangkatu;;;;;;;;;
PROV3382;Îakaré;;;;;;;;;
PROV2407;Araguár'y;;;;;;;;;
PROV2415;Kamaruamã;;;;;;;;;
PROV3652;Iauarí;;;;;;;;;
PROV3651;Uru'ku;;;;;;;;;
PROV2403;Ya'ú;;;;;;;;;
PROV2408;Eruzu-m'na;;;;;;;;;
PROV4091;Trinidad;;;;;;;;;
PROV4006;San Ignacio;;;;;;;;;
PROV2567;Iauaretê;;;;;;;;;
PROV3750;Curuai;;;;;;;;;
PROV2340;Pilar;;;;;;;;;
PROV2341;San Cosme;;;;;;;;;
PROV2342;Villarrica;;;;;;;;;
PROV2343;San Pedro;;;;;;;;;
PROV4076;Ilha de Bragança;;;;;;;;;
PROV4093;Quili Malal;;;;;;;;;
PROV4027;Chaotung;;;;;;;;;
PROV518;Porto;;;;;;;;;
PROV4026;Guarda;;;;;;;;;
PROV4028;Preah Seihanu;;;;;;;;;
PROV4025;Kampong Thom;;;;;;;;;
PROV522;Leiria;;;;;;;;;
PROV4178;Kilai;;;;;;;;;
PROV4179;Pilam;;;;;;;;;
PROV2562;Tsuisualian;;;;;;;;;
PUR;Purran;;;;;;;;;
BRZ_colonial_company_2;France Antarctique;;;;;;;;;
PAA_colonial_company_2;France Équinoxiale;;;;;;;;;
PUR_ADJ;Tshoneka;;;;;;;;;
LSK_colonial_company_4;Amerikanskaya Kompaniya;;;;;;;;;
AUS_702;Westgalizien;;;;;;;;;
MZN;Caleufú;;;;;;;;;
MZN_ADJ;Manzanache;;;;;;;;;
YAN;Yaqui;;;;;;;;;
YAN_ADJ;Yaqui;;;;;;;;;
RAN;The Ranquel Ulmanate;;;;;;;;;
RAN_ADJ;Ranquel;;;;;;;;;
SLN;Salinas Grandes;;;;;;;;;
SLN_ADJ;Borogan;;;;;;;;;
PROV4089;Trafenleufü;;;;;;;;;
PROV4090;Kocha-mo;;;;;;;;;
RGS;Rio-Grandense Republic;;;;;;;;;
DES_theocracy;The Theodemocracy of Zion;;;;;;;;;
RGS_absolute_monarchy;Reino Rio-grandense;;;;;;;;;
RGS_prussian_constitutionalism;Reino Rio-grandense;;;;;;;;;
RGS_hms_government;Reino Rio-grandense;;;;;;;;;
RGS_absolute_empire;Reino Rio-grandense;;;;;;;;;
RGS_semi_constitutional_empire;Reino Rio-grandense;;;;;;;;;
RGS_constitutional_empire;Reino Rio-grandense;;;;;;;;;
RGS_fascist_dictatorship;Estado Rio-grandense;;;;;;;;;
RGS_prov_gov_conservative;Province of Sao Pedro;;;;;;;;;
RGS_prov_gov_liberal;Riograndensische Republik;;;;;;;;;
RGS_ADJ;Rio-grandense;;;;;;;;;
RGS_conservative;Partido Conservador;;;;;;;;;
RGS_liberal;Partido Federalista;;;;;;;;;
RGS_socialist;Partido Socialista Rio-grandense;;;;;;;;;
RGS_communist;Partido Popular;;;;;;;;;
RGS_reactionary;Partido Republicano Rio-grandense;;;;;;;;;
RGS_radical;Partido Libertador;;;;;;;;;
RGS_fascist;Partido dos Pampas;;;;;;;;;
SAC;Santa Catarina;;;;;;;;;
SAC_ADJ;Catharinense;;;;;;;;
SAC_democracy;The Juliana Republic;;;;;;;;;
SAC_democracy_ADJ;Catharinense;;;;;;;;
SAC_proletarian_dictatorship;Yvytetan SSR;;;;;;;;;
SAC_proletarian_dictatorship_ADJ;Yvytetã;;;;;;;;
SAC_fascist_dictatorship;Sypave State;;;;;;;;;
SAC_fascist_dictatorship_ADJ;Sypave;;;;;;;;
SAC_radical_republic;Guajupia;;;;;;;;;
SAC_radical_republic_ADJ;Guajupian;;;;;;;;
SAC_presidential_dictatorship;Nhanderequei State;;;;;;;;;
SAC_presidential_dictatorship_ADJ;Nhanderequei;;;;;;;;
SAC_absolute_monarchy;The Kingdom of the Parana;;;;;;;;;
SAC_absolute_monarchy_ADJ;Paranaean;;;;;;;;
SAC_prussian_constitutionalism;The Kingdom of the Parana;;;;;;;;;
SAC_prussian_constitutionalism_ADJ;Paranaean;;;;;;;;
SAC_hms_government;The Kingdom of the Parana;;;;;;;;;
SAC_hms_government_ADJ;Paranaean;;;;;;;;
SAC_absolute_empire;Santa Catarina;;;;;;;;;;;;;
SAC_semi_constitutional_empire;Santa Catarina;;;;;;;;;;;;;
SAC_constitutional_empire;Santa Catarina;;;;;;;;;;;;;
SAC_absolute_empire_ADJ;Catharinense;;;;;;;;;;;;;
SAC_semi_constitutional_empire_ADJ;Catharinense;;;;;;;;;;;;;
SAC_constitutional_empire_ADJ;Catharinense;;;;;;;;;;;;;;
MAR;Maranhao;;;;;;;;;
MAR_ADJ;Maranhense;;;;;;;;;
AMZ;Amazonas;;;;;;;;;
AMZ_ADJ;Amazonense;;;;;;;;;
PAA;Para;;;;;;;;;
PAA_prov_gov_liberal;Cabanos;;;;;;;;;
PAA_democracy;Ka'aretama;;;;;;;;;
PAA_radical_republic;Ka'aeteretama;;;;;;;;;
PAA_radical_republic_ADJ;Ka'aetere;;;;;;;;;
PAA_ADJ;Paraense;;;;;;;;;
MGO;Matto Grosso;;;;;;;;;
MGO_ADJ;Matto-Grossense;;;;;;;;;
GOI;Goiaz;;;;;;;;;
GOI_ADJ;Goiano;;;;;;;;;
PIA;Piauhy;;;;;;;;;
PIA_ADJ;Piauhyense;;;;;;;;;
CEA;Ceara;;;;;;;;;
CEA_ADJ;Cearense;;;;;;;;;
MGR;Minas Geraes;;;;;;;;;
MGR_ADJ;Mineiro;;;;;;;;;
SAP;Sao Paulo;;;;;;;;;
SAP_ADJ;Paulista;;;;;;;;;
BAH_theocracy;Males;;;;;;;;;
BAH_theocracy_ADJ;Male;;;;;;;;;
STP;Sao Tome and Principe;;;;;;;;;
STP_ADJ;Sao-Tomense;;;;;;;;;
FRN;Central African Federation;;;;;;;;;
FRN_ADJ;Central African;;;;;;;;;
PNA;Parana;;;;;;;;;
PNA_ADJ;Paranaense;;;;;;;;;
RDJ;Rio de Janeiro;;;;;;;;;
RDJ_ADJ;Fluminense;;;;;;;;;
EPS;Espirito Santo;;;;;;;;;
EPS_ADJ;Capixaba;;;;;;;;;
TBZ;Tabriz Khanate;;;;;;;;;
TBZ_ADJ:Tabriz;;;;;;;;;
SHR;Shirvan;;;;;;;;;
SHR_ADJ;Shirvan;;;;;;;;;
KRB;Karabakh Khanate;;;;;;;;;
KRB_ADJ;Karabakh;;;;;;;;;
TLY;Talysh Khanate;;;;;;;;;
TLY_ADJ;Talyshi;;;;;;;;;
NKH;Nakhichevan;;;;;;;;;
NKH_ADJ;Nakhichevan;;;;;;;;;
ERV;Erivan;;;;;;;;;
ERV_ADJ;Erivan;;;;;;;;;
CPD;Cappadocia;;;;;;;;;
CPD_ADJ;Cappadocia;;;;;;;;;
FRS;Fars;;;;;;;;;
FRS_ADJ;Farsi;;;;;;;;;
WUR;Wurttemberg;;;;;;;;;
LUB;Lubeck;;;;;;;;;
PTR;Principality of Trinidad;;;;;;;;;
PTR_ADJ;Trinidadian;;;;;;;;;
BOL_colonial_company;Grã-ducado de Charcas;;;;;;;;;
BOL_colonial_company_2;Alto Peru;;;;;;;;;
BOL_colonial_company_3;Department of Bolívar;;;;;;;;;
CHL_colonial_company;State of Chile;;;;;;;;;
PZN_colonial_company;Großherzogtum Posen;;;;;;;;;
MON_colonial_company_4;Governorato del Montenegro;;;;;;;;;
patagonian;Patagonian Native;;;;;;;;;
PTG_prussian_constitutionalism;Mapuche;;;;;;;;;
PTG_hms_government;Kingdom of Araucania and Patagonia;;;;;;;;;
IQC;Tawantinsuyu;;;;;;;;;
IQC_colonial_company;Iquicha;;;;;;;;;
IQC_colonial_company_ADJ;Iquichan;;;;;;;;;
IQC_absolute_empire;Iquicha;;;;;;;;;;;;;
IQC_absolute_empire_ADJ;Iquichan;;;;;;;;;
IQC_semi_constitutional_empire;Iquicha;;;;;;;;;;;;;
IQC_semi_constitutional_empire_ADJ;Iquichan;;;;;;;;;
IQC_constitutional_empire;Iquicha;;;;;;;;;;;;;
IQC_constitutional_empire_ADJ;Iquichan;;;;;;;;;
IQC_presidential_dictatorship;Iquicha;;;;;;;;;;;;;
IQC_presidential_dictatorship_ADJ;Iquichan;;;;;;;;;
IQC_ADJ;Inca;;;;;;;;;
ENT_colonial_company;Grã-ducado de Y'tyba;;;;;;;;;
URU_colonial_company_2;Grã-ducado da Cisplatina;;;;;;;;;
PROV4069;Isla de los Estados;;;;;;;;;
PROV4068;Huanta;;;;;;;;;
PROV4058;Guanacache;;;;;;;;;
colonial_company_2;Autonomous Dependency;;;;;;;;;
colonial_company_2_ruler;Governor;;;;;;;;;
colonial_company_3;Autonomous Dependency;;;;;;;;;
colonial_company_3_ruler;Governor;;;;;;;;;
colonial_company_4;Autonomous Dependency;;;;;;;;;
colonial_company_4_ruler;Governor;;;;;;;;;
lanzas_desc;\n\nTwo years ago, the caudillo Timoteo Aparicio, leader of the Partido Nacional, commonly known as the "Blancos," jump-started a revolution known as "Revolúcion de las Lanzas" (Revolution of the Lances). Timoteo's desires with said revolution were to increase the representation of minority parties within the Uruguayan government. Timoteo has been successful, forcing us to ratify a power-sharing treaty, giving the Partido Nacional political control over the departments of Cerro Largo, Florida, Canelones, and San José.;;;;;;;;;
QUE_absolute_empire;Canada;;;;;;;;;
QUE_semi_constitutional_empire;Canada;;;;;;;;;
QUE_constitutional_empire;Canada;;;;;;;;;
RUS_proletarian_dictatorship;Union of Soviet Socialist Republics;;;;;;;;;
GCF_proletarian_dictatorship;Sozialistische Weltrepublik;;;;;;;;;;;;;
MOR_prov_gov_conservative;Tangier International Zone;;;;;;;;;;;;;
lanzas_desc;Two years ago, the caudillo Timoteo Aparicio, leader of the Partido Nacional, commonly known as the "Blancos," jump-started a revolution known as "Revolúcion de las Lanzas" (Revolution of the Lances). Timoteo's desires with said revolution were to increase the representation of minority parties within the Uruguayan government. Timoteo has been successful, forcing us to ratify a power-sharing treaty, giving the Partido Nacional political control over the departments of Cerro Largo, Florida, Canelones, and San José.;;;;;;;;;
EVTOPTA46400;Those damn Blancos!;;;;;;;;;
itatiaia_desc;\n\nFor the first time, the "Pico das Agulhas Negras" (Black needles peak) localized in the Itatiaia massif, part of the Mantiqueira mountains, has been hiked by Carlos Spierling and Osvaldo Leal. Franklin Massena and André Rebouças attempted to climb the Itatiaia in 1878 and 1898, respectively.;;;;;;;;;
14-bis_desc;Today, the Brazilian inventor Santos Dumont flew his Airplane, known as 14-bis, inside of Bagatelle across a distance of 60 meters in only 7 seconds, with a thousand spectators, including the AéCF.;;;;;;;;;
french_guyana_purchase_title;Purchase French Guyana;;;;;;;;;
french_guyana_purchase_desc;Now that we've recovered our lost lands in the south, we must seek to consolidate our influence in the north. We will offer to buy one of the European colonies in the Guyana region.;;;;;;;;;
suriname_purchase_title;Purchase Suriname;;;;;;;;;
suriname_purchase_desc;Now that we've succeeded in buying one of the European colonies in the Guyanas, we must seek to consolidate our influence in the region even further. To that end, we will offer to buy another one of the European colonies in the Guyana region.;;;;;;;;;
guyana_purchase_title;Purchase Guyana;;;;;;;;;
guyana_purchase_desc;Now that we've succeeded in buying two of the European colonies in the Guyanas, we must seek to assert our hegemony in the region. To that end, we will offer to buy the last of the European colonies in the Guyana region.;;;;;;;;;
lei_de_terras_title;Lei de Terras;;;;;;;;;
lei_de_terras_desc;A restructuring of the private land ownership system has been proposed to our government, something that, until this moment, has not been regulated by any specific legal document. In the Senate, a debate has erupted between ruralists who want to make government-owned land only available by purchase and advocates of promotion of immigration who want to create colonization programs to give away land to settlers and increase our control of the interior. Their proposed legislation, the Lei de Terras, would guarantee the fluidity of credit necessary to maintain agricultural productivity and promote the institutionalization of land, labor, and capital markets, consolidating a conservative modernization model.;;;;;;;;;
EVTNAME97071;Offer to sell our Guyana colonies;;;;;;;;;
EVTDESC97071;\n\nWe have received an offer to sell our colony in the Guyana region.;;;;;;;;;
EVT97071PTA;We agree to the deal.;;;;;;;;;
EVT97071PTB;We won't sell our rightful land!;;;;;;;;;
EVTNAME97072;A successful deal;;;;;;;;;
EVTDESC97072;\n\nThe Europeans have agreed to our offer.;;;;;;;;;
EVT97072PTA;Huzzah!;;;;;;;;;
EVTNAME97073;A unsuccessful deal;;;;;;;;;
EVTDESC97073;\n\nThose pesky Europeans have rejected our generous offer.;;;;;;;;;
EVT97073PTA;What a shame indeed.;;;;;;;;;
BRZ_42_lib_desc;\n\nLiberal supporters in the provinces of Minas Gerais and São Paulo are furious with the current government and its pro-conservative agenda. Several disgruntled liberals have now taken up arms and removed conservative governors, replacing them with liberal allies. We must not let them get to Rio!;;;;;;;;;
42_liberals_vic_desc;\n\nWe're victorious! After arduous fighting, we have finally captured the capital city of Rio de Janeiro. Now it's time for the government of Brazil to accept our demands! Viva o Partido Liberal! Viva o Povo Brasileiro!;;;;;;;;;
42_legalist_vic_desc;\n\nWe have defeated the Liberals and their illegitimate government! Once more, the Legalists reign supreme over rebellious provinces and none shall dare the legitimacy of our government from now on!;;;;;;;;;
cemiterada_desc;\n\nToday is a grim day for São Salvador, as four thousand citizens led by religious leaders are protesting against the private cemetery of "Campo Santo," the reasoning behind such senseless violence is that, before the government of Bahia passed these cemetery laws. Religious leaders were responsible for the funerary process in Bahia and, therefore, benefited from a sizable amount of money paid by those who desired a burial in churches, capital that would now be in the hands of somebody else.;;;;;;;;;
brz_metric_desc;\n\nThe government of Brazil has passed a law that swaps the Imperial system for the new Metric system. Intellectuals in Brazil have asserted to us that this change will be beneficial. However, this might upset some merchants as they believe the Metric system will cause a decline in profit.;;;;;;;;;
brz_kilo_desc;\n\nSome of our subjects in the northeast are discontent with our change to Metric, even resorting to violence. In the village of Fagundes, Paraiba, the water tanks, now measured in Metric, were attacked by these peasants as the first sparkle of revolt. More than 60 different areas in the Nordeste have reported attacks from these so-called "Kilogram breakers".;;;;;;;;;
praieira_desc;\n\nDisgruntled liberals in the northeast have begun a revolt against the government of Brazil, claiming they are underrepresented in the government. The rebels demand an end to press censorship press, which is currently carried out to protect the integrity of Brazil's monarchy. Some of the insurrectionists even go so far as to demand the establishment of a republic. We must not let this happen.;;;;;;;;;
praieira_lib_desc;\n\nWe're victorious! After arduous fighting, we have finally captured the capital city of Rio de Janeiro. Now it's time for the government of Brazil to accept our demands! Viva o Partido Liberal! Viva o Povo Brasileiro!;;;;;;;;;
seca_desc;\n\nThe Great Drought has hit us, leaving thousands dead in the Northeast's Sertão, with thousands more immigrating out of the area to both the amazon and south. The people in the area were unprepared for such drought, caused by the poor management of the region and its irregular agriculture, worsened by how poor and neglected the Northeast is relative to the rest of the country.;;;;;;;;;
muckers_desc;\n\nThe Muckers were a group of German immigrants that followed a "miraculous healer" known as Jacobina Mentz Maurer, who has now led an angry death mob that has caused the death of hundreds, alongside many cases of arson. Fortunately, the army has done its duty and has put down these insane religious extremists, Jacobina included. We shall never have to deal with this again.;;;;;;;;;
BRZ_democracy;United States of Brazil;;;;;;;;;
queiros_desc;\n\nThe government of Brazil has signed the law known as "Eusébio de Queirós," named after an Angola-born abolitionist senator, as an attempt to halt the rampant illegal slave trade. Because of this law, many slave owners have begun mass-importing slaves.;;;;;;;;;
comarca_desc;\n\nThe Comarca do Rio São Francisco used to belong to the province of Pernambuco. However, its government seceded from the Empire of Brazil in 1824 as the Confederação do Equador, causing Emperor Pedro I to punish Pernambuco by stripping them of said Comarca and transferring its ownership to the province of Minas Geraes. But after three years of Mineiro rule, the area has been temporarily given to Bahia. It is time to decide whether or not to maintain the Bahiano control over the region or hand it back to Minas Gerais or Pernambuco.;;;;;;;;;
angola_purchase_title;The Angola Purchase;;;;;;;;;
angola_purchase_desc;Angola is a long-established Portuguese colony in eastern Africa on the other side of the Atlantic. Our rising position on the global stage makes it tempting to expand our borders beyond South America. Perhaps we can negotiate to buy Angola, giving us an advantage over Portugal, our former colonial master.;;;;;;;;;
EVTNAME47074;Brazil Offers to Purchase Angola;;;;;;;;;
EVTDESC47074;\n\nWith Brazil's rising status in the world, they have sought to expand its borders beyond South America. They have offered to purchase Angola from us for 100,000 dollars. Losing Angola will cripple our efforts to conquer more of Africa, but should Angola be considered a nuisance, 100,00 dollars doesn't sound bad.;;;;;;;;;
EVT47074PTA;That price is tempting.;;;;;;;;;
EVT47074PTB;Angola is ours. Its status is non-negotiable.;;;;;;;;;
EVTNAME47075;Portugal Accepts the Angola Purchase;;;;;;;;;
EVTDESC47075;\n\nAngola is now Brazilian, allowing us to conquer more of the continent if we so desire. The possibilities for expansion are endless!;;;;;;;;;
EVT47075PTA;The world will know Brazil's might!;;;;;;;;;
EVTNAME47076;Portugal Rejects the Angola Purchase;;;;;;;;;
EVTDESC47076;\n\nPortugal insists Angola is rightfully theirs, no matter what price we name, meaning we cannot annex the lands of Angola peacefully anymore. However, if Portugal doesn't want to hand over Angola, we can always take it by force.;;;;;;;;;
EVT47076PTA;We take it back. Portugal won't get a say in Angola's fate.;;;;;;;;;
EVTNAME47077;Nina Rodrigues;;;;;;;;;
EVTDESC47077;\n\nRaimundo Nina Rodrigues is a Brazilian coroner, psychiatrist, professor, writer, anthropologist and ethnologist. He has, at times, also dabbled in dietology, tropicology, sexology, hygiene, biographics and epidemiology. A notable eugenicist, he is considered the founder of Brazilian criminal anthropology. Rodrigues is credited with pioneering studies on black culture and people, even though he has adopted a racist point of view.;;;;;;;;;
EVTOPTA47077;Interesting indeed;;;;;;;;;
EVTDESC47078;\n\nRio de Janeiro, our nation's capital, suffers from a chronic lack of urban planning. Besides being inefficient, it also contributes to diseases like smallpox, bubonic plague, and yellow fever spreading like wildfire in the city. A series of urban reforms is needed to modernize the city and eradicate endemic diseases.;;;;;;;;;
EVTOPTA47078;I'm sure this won't backfire.;;;;;;;;;
EVTDESC47079;\n\nThe population of Rio de Janeiro is rioting. The mayor has used the great powers we gave him to destroy slums, displacing people out of their houses whilst modernizing the City. The mayor has also begun enforcing mandatory vaccination by invading homes with citizens that hadn't yet accepted vaccines. These measures brought the population to protest against forced vaccination, and the protests sparked a riot.;;;;;;;;;
EVTOPTA47079;It did backfire...;;;;;;;;;
EVTDESC47080;\n\nJoaquim Maria Machado de Assis, or Machado de Assis, is considered by many to be the biggest name in Brazilian literature. Born in an impoverished family descendant of emancipated slaves, having hardly ever studied and never gone to university, he wrote ten romances and 205 tales and introduced realism to Brazil. Joaquim was one of the first writers to write about the social problems in Brazil and influenced other authors for years to come.;;;;;;;;;
EVTDESC47081;\n\nAntonio Frederico de Castro Alves, or Castro Alves, was a famous Brazilian poet known as "the slave's poet". He is considered the greatest romantic poet of Brazil. His poetry showed the horrific reality of slavery and made the abolitionist movement stronger.;;;;;;;;;
EVTOPTA47081;A great man indeed.;;;;;;;;;
araucania_ptg_desc;\n\nSince the arrival of the French lawyer Orelie-Antoine the region known as "Araucania" has been in turmoil as more and more Amerindian chiefs side with Antoine. This madman continues to spit poisonous words of Independence for the Mapuche tribes under his self-proclaimed Kingdom of Araucania and Patagonia. We, of course, know this is nothing more than a case of somebody that might need to "take the train" and stop annoying us with such delusions. But the French and (especially) the Mapuche might not be too happy with such an outcome.;;;;;;;;;
ptg_revolt_early_desc;\n\nIgnoring the situation might not have been the smartest of decisions by the Chilean government. This loathsome delusional maniac has gathered enough supporters for an outright revolt, declaring himself Roi d'Araucanie et de Patagonie. We will not tolerate this. We must quelch these rebellious scum as fast as possible! Santiago won't fall!;;;;;;;;;
araucanie_win_desc;\n\nThe brave efforts of our troops have paid off! Now that we've beaten back the Chileans, we have complete control of Araucania! Longue vie au Roi d'Araucanie et de Patagonie!;;;;;;;;;
chl_araucanie_win_desc;\n\nThe Araucanie are no more! Viva Chile!;;;;;;;;;
antoine_begs_FRA_desc;\n\nChile has deported the self-proclaimed King Orélie-Antoine de Tounens after declaring the Kingdom of Araucania and Patagonia, returning him to his home nation of France. Antoine has begged the Emperor of France for help freeing his beloved Araucanie nation. Should we accept this humble request for Freedom in the name of an oppressed people? Or shall we put this madman where he belongs? That being an insane asylum.;;;;;;;;;
fra_prg_free_desc;\n\nThe Emperor of France has demanded the liberation of the Kingdom of Araucania and the Mapuche people, preventing us from ever advancing south of the Bio-Bio. However, refusing this would end in a French invasion of our homeland.;;;;;;;;;
arg_ptg_fra_desc;\n\nThe French have attacked our neighboor Chile! What shall we do about this?;;;;;;;;;
arg_ptg_chl_desc;\n\nThe Argentine have joined us in the war against the French!;;;;;;;;;
fra_win_no_war_desc;\n\nThe Chileans have accepted our demands and the Kingdom of Araucania and Patagonia and its people are finally free! Some say the Emperor might want more direct control of the Araucanie land.;;;;;;;;;
fra_puppet_ptg_desc;\n\nHuzzah! We're free at last! But its not over yet. The Emperor of France has demanded we join them as a satellite state.;;;;;;;;;
ptg_fra_refuse_desc;\n\nThose Araucanie have lost at last! Rejoice, O people of France!;;;;;;;;;
fra_win_ptg_desc;\n\nWe have lost against the French scum...;;;;;;;;;
fra_lose_ptg_desc;\n\nWe have lost against the Chilean scum...;;;;;;;;;
ptg_cleanup_title;Obtain control over Patagonia;;;;;;;;;
ptg_cleanup_desc;Now that we're free and backed by the French, nothing can prevent us from acquiring our righteous land!;;;;;;;;;
fra_falklands_ptg_title;Claim the Malouines and Géorgie du Sud;;;;;;;;;
fra_falklands_ptg_desc;§RGain 1.5 infamy§! Now that Patagonia is our satellite, we have a perfect jumping-off point to capture the îles Malouines and Géorgie du Sud. They are, as we all know, rightfully French.;;;;;;;;;
AGRESSION_CUT_DOWN_TO_SIZE_NO_INFAMY_WAR_NAME_FRA_CHL;The Liberation of Araucanie;;;;;;;;;
NORMAL_CUT_DOWN_TO_SIZE_NO_INFAMY_WAR_NAME_FRA_CHL;The Liberation of Araucanie;;;;;;;;;
rio_branco_colony_desc;\n\nFor years the Forte de São Joachim has been abandoned. If we want to maintain our claims in Rio Branco, we need to revive such efforts by transforming it into a military colony. Countries that currently claim the region might not be too happy about this.;;;;;;;;;
sao_francisco_transfer_title;The Transposing of the São Francisco River;;;;;;;;;
sao_francisco_transfer_desc;The São Francisco river, born in the province of Minas Gerais, travels north into the semi-arid Northeast of the country. Some have proposed we transpose the waters of this river to help citizens living in the dry Caatinga and other areas alike, as it could very well save the population of the Northeast in the future.;;;;;;;;;
sao_francisco_transposition;Transposing of the São Francisco river;;;;;;;;;
sao_francisco_transposition_desc;The waters of the Rio São Francisco are now being used to ease the pains of the arid Caatinga;;;;;;;;;
paa_win_desc;\n\nAfter bravely fighting the Brazilian army, the Cabano forces have finally enforced their demands. Now the people of Pará are free from Imperial oppression.;;;;;;;;;
paa_brz_win_desc;The Cabanos have been put down and the Braziliam Army reigns supreme over Grão-Pará.;;;;;;;;;
peu_brz_treaty_desc;\n\nThe $MONARCHTITLE$ has recently received letters from many diplomats in the government requesting a possible treaty with Peru regarding their claimed rivers and land, which currently are under the sovereignty of Brazil.;;;;;;;;;
peu_brz_treaty_2_desc;\n\nThe Brazilian government has proposed a treaty to delineate our Amazonian borders. If we sign this treaty, we would have to give up our claims over the Tabatinga river. Our relations with Brazil would improve, however.;;;;;;;;;
GUK_desc;\n\nRecently a wave of Ukrainians from Odessa settled in the region once known as Greater Manchuria. Ukrainian immigration towards the Primorskaya Oblast has been ongoing since 1882, as free transport and land got promised to the Ukrainian citizens. However, it wasn't until the construction of railroads in the region that the number of settlers increased to 14 thousand a year. The Ukrainian share of Primorskaya's population was 15%~ in 1897.;;;;;;;;;
rgs_larp_title;Conquer the southern Paraná;;;;;;;;;
rgs_larp_desc;Now that we're free, we must free our brothers in the southern Paraná river. We shall reunite with Uruguay once more and expand towards the Mospotamia region west of the Paraná river!;;;;;;;;;
farrapos_win_desc;We have reached Rio! The Empire of Brazil has no bargaining power against us now. They'll have to accept all of our demands! Viva a Republica de Piratini!;;;;;;;;;
sac_rgs_union_desc;\n\nOur brothers in the Riograndense Republic have asked us to unify with them in a confederation of Republics. Shall we accept and join our liberators or go our ways?;;;;;;;;;
pedro_americo;\n\nThe artwork "Independência ou Morte" by Brazilian artist Pedro Américo represents the most well-known moment of Brazil's independence as the then Prince Pedro de Alcântara loudly exclaims: "Independence or Death!" near the shores of Ypiranga. Pedro's painting got first revealed in Firenza, Italy. It received many positive reviews, such as the publication in the newspaper Corriere Italiano: "Américo's new painting is a colossal piece of art, the exact locations flora and topography were studied and masterfully represented with all of its historical glamour." Later on, during the inauguration of the Museu Paulista, Américo brought it to Brazil, where it received Innumerous positive reviews and exploded in popularity. And to this day, it is the most recognizable piece of media surrounding Brazil's War of Independence.;;;;;;;;;
sp_rgs_railway_title;The São Paulo - Rio Grande Railway;;;;;;;;;
sp_rgs_railway_desc;Engineer João Teixeira Soares has made projects for a railroad linking the Province of São Paulo to the Province of Rio Grande do Sul. The railroad would be 1.403km long and run via the interior of São Paulo towards Rio Grande do Sul alongside the provinces of Santa Catharina and Paraná. The railroad, if constructed, would connect the city of Rio de Janeiro with Argentina and Uruguay, allowing for better communication and transportation of goods from Rio to the rest of the Platine Basin.;;;;;;;;;
contestado_desc;\n\nPeasants from the contested region between the Federative units of Paraná and Santa Catharina have begun an armed conflict with Percival Farquhar's workers in the São Paulo - Rio Grande Railroad, peasants who believe their lands are being "stolen" by Percival. Alongside these "jagunços," the Monk José Maria has declared an independent "Celestial Monarchy" after proclaiming our righteous Republic "The Devil's law" and crowned an alphabet as the Emperor of Brazil.;;;;;;;;;
sp_rgs_railway_event_desc;\n\nThe São Paulo - Rio Grande Railway is complete at last! The Government must not decide what to do with the contested land between the Federative Units of Paraná and Santa Catharina.;;;;;;;;;
contestado_war_title;The Contestado War;;;;;;;;;
contestado_war_desc;Jagunços in the contested area between Paraná and Santa Catharina have revolted under the Celestial Monarchy;;;;;;;;;
theatro_amazonas_title;Build the Theatro Amazonas;;;;;;;;;
theatro_amazonas_desc;The Theatro Amazonas (Amazon Theater) was an extremely prestigious theater built in Manaus during its Golden age of Rubber. Taking 12 years to build, the theater awarded the growing Amazonian capital with the title "Paris of the Tropics.";;;;;;;;;
build_brasilia_title;Build a new Capital;;;;;;;;;
1834_additional_act_title;The 1834 Additional Act;;;;;;;;;
1834_additional_act_desc;Law n° 16, also known as the "Additional act," reformed the Imperial Constitution of 1824. After Pedro's abdication, the Brazilian Chamber of Deputies rapidly filed itself with "Liberais" three years after the then Emperor's abdication: Increase the autonomy of provinces and abolish the "Regencia Trina" in favor of a more unitary Regencia Unica.;;;;;;;;;
abolish_ayan_title;Abolish the Ayan System;;;;;;;;;
abolish_ayan_desc;The Ottoman Ayans, though helping with keeping local governors in check - continue to frustrate the central leadership of the Ottoman Empire by undermining the power of Constantinople and resisting the authority of the Sultan. We need to do whatever we can to reduce the strength of these local lords. §RCauses revolt in Bosnia if taken before 1836§W;;;;;;;;;
andrew_jackson_attack_desc;\n\nToday, President Andrew Jackson exited via the East Portico of the American Capitol after witnessing the funeral of Warren D. Davis (a representative of the State of South Carolina). Richard Lawrence ambushed Andrew by aiming a firearm at Jackson and attempting to shoot the president, which, most likely due to the humid weather, misfired and did not kill Jackson. Lawrence drew a second pistol out of his jacket and attempted to assassinate the president for the second time, which too failed. Infuriated, President Andrew Jackson repeatedly hit the to-be murderer with a cane, to the point where the people at the event had to hold Jackson, fearing he would beat Richard to a pulp. The exact reasoning behind Richard's attempt is unknown, as Lawrence did not seem to be sane, and without providing any logical reason behind his actions during interrogations, Lawrence has been sent to the Government Hospital for the Insane.;;;;;;;;;
garrafada_desc;\n\nPedro was on a journey to the province of Minas Gerais to quench local federalist support before being forced to retreat to the Imperial capital. He found immense resistance from the nativist population caused by rumours implying he'd close the Congress and declare an absolutist Coup d'etat. Several Pedro-allied Portuguese merchants in Rio got together to plan a welcome-back party that backfired as the Liberal Brazilians perceived it as an "insult to the nation and all she stood for." All this indignation fuming out of the Nativist populous exploded into physical violence in the so-called "Night of Bottles.";;;;;;;;;
pedro_i_abdication_desc;\n\nMany Brazilians question the authoritarian tendencies of Dom Pedro I and his "Poder Moderador." Newspapers such as "Aurora Fluminense" in Rio protested against the Emperor and his peculiar political decisions. The tension escalated between the Liberals and Pro-Pedro politicians when forces allied to the Emperor murdered Badaró (an Italian journalist) in an ambush causing great distress amongst the Liberal population. Dom Pedro attempted to quench the Liberal equivocacies like the ones in Minas Gerais caused by Bernardo Pereira de Vasconcelos. Pedro failed to reduce the Liberal tensions in Minas and other provinces. Today: Pedro dissolved the old ministry and installed one allied to him with two Portuguese Ministers, decisions that triggered a protest in the Campo de Aclamação demanding the return of previous Ministers. Pedro's luck strikes once again as the Imperial troops join the protests leaving the then-Emperor without any support from the Imperial Army. Pedro's only choice was to abdicate.;;;;;;;;;
pnb_cabanada_desc;\n\nThe Cabanada was a Conservative revolt in the regions of Agreste and Zona da Mata Nordestina that desired the return of Emperor Pedro I to the Brazilian throne, being against the Regencia Trina and Infante Dom Pedro II. The political and social fragility caused by the Emperor's abdication culminated in a Revolution headed by local landlords allied to the "Coluna do Trono do Altar" society in Portugal that sought the return of the now resigned Portuguese Emperor. Landlords have also cut relations with the Engenhos giving the revolt an anti-slavery flavour.;;;;;;;;;
rusga_desc;\n\nSince Brazil's independence, the nation's politics has had two political sects, a Liberal sect that sought higher autonomy for the various Provinces and the leftover Portuguese that defended a more centralised government alongside keeping their privileges. After Pedro's abdication, the country plummeted into turmoil as tensions between these two sects exponentially increased, leading to acts of violence against each other, such as the event known as "Rusga" in Mato Grosso. Fueled by Liberal societies such as "Sociedade dos Zelosos da Independência" and the "Sociedade Filantrópica," the Liberal mob attacked any Portuguese citizen they came across, raiding their homes.;;;;;;;;;
fumaca_desc;\n\nThe Revolta do Ano da Fumaça (Year of Fog) acquired this name due to a thick fog that settled in the province of Minas Gerais during the revolt. A group of Caramurus (Portuguese reactionaries) marched onto the capital (Ouro Preto,) utilising the fact that the Province president wasn't present. The Caraumurus were in their majority: Portuguese merchants who'd complain about "despotic" actions by the current government. Bernardo Pereira de Vasconcelos organised a legitimate government in the city of São João D'el Rey as a response and sent 6.000 men toward Ouro Preto to quench the Restauradores.;;;;;;;;;
great_bsn_uprising_desc;\n\nAfter the Russo-Ottoman war, the Ottoman Empire gave Serbia suzerainty angering the nearby Bosnian populous and landlords. Furthermore, the recent reforms by Mahmud II entailing the expansion of the centralised Nizam, taxes and Ottoman bureaucracy, which weakened the power of Bosniak governors, have all culminated in an uprising led by Gradašcevic: being declared Vizier of Bosnia in front of the Emperor's mosque.;;;;;;;;;
abolish_scutari_pashalik_title;End Albania's Autonomy;;;;;;;;;
abolish_scutari_pashalik_desc;The Pashalik of Scutari, a semi-independent state under Ottoman suzerainty ruled by the Bushati family, was first formed in 1757. Since then, it has often been a thorn in our side, refusing to obey the Sultan's orders when we were hard-pressed to enforce them and cooperating when it was convenient. The other two Albanian Pashaliks of Janina and Berat were abolished in 1822 and 1809 respectively, ending their autonomy and bringing them into the fold. Perhaps it is time to make the current pasha, Mustafa Bushati, the last and put an end to this nuisance.;;;;;;;;;
andrew_jackson_attack_desc;\n\nToday, President Andrew Jackson exited via the East Portico of the American Capitol after witnessing the funeral of Warren D. Davis (a representative of the State of South Carolina). Richard Lawrence ambushed Andrew by aiming a firearm at Jackson and attempting to shoot the president, which, most likely due to the humid weather, misfired and did not kill Jackson. Lawrence drew a second pistol out of his jacket and attempted to assassinate the president for the second time, which too failed. Infuriated, President Andrew Jackson repeatedly hit the to-be murderer with a cane, to the point where the people at the event had to hold Jackson, fearing he would beat Richard to a pulp. The exact reasoning behind Richard's attempt is unknown, as Lawrence did not seem to be sane, and without providing any logical reason behind his actions during interrogations, Lawrence has been sent to the Government Hospital for the Insane.;;;;;;;;;
garrafada_desc;\n\nPedro was on a journey to the province of Minas Gerais to quench local federalist support before being forced to retreat to the Imperial capital. He found immense resistance from the nativist population caused by rumors implying he'd close the Congress and declare an absolutist Coup d'etat. Several Pedro-allied Portuguese merchants in Rio got together to plan a welcome-back party that backfired as the Liberal Brazilians perceived it as an "insult to the nation and all she stood for." All this indignation fuming out of the Nativist populous exploded into physical violence in the so-called "Night of Bottles.";;;;;;;;;
pedro_i_abdication_desc;\n\nMany Brazilians question the authoritarian tendencies of Dom Pedro I and his "Poder Moderador." Newspapers such as "Aurora Fluminense" in Rio protested against the Emperor and his peculiar political decisions. The tension escalated between the Liberals and Pro-Pedro politicians when forces allied to the Emperor murdered Badaró (an Italian journalist) in an ambush causing great distress amongst the Liberal population. Dom Pedro attempted to quench the Liberal equivocacies like the ones in Minas Gerais caused by Bernardo Pereira de Vasconcelos. Pedro failed to reduce the Liberal tensions in Minas and other provinces. Today: Pedro dissolved the old ministry and installed one allied to him with two Portuguese Ministers, decisions that triggered a protest in the Campo de Aclamação demanding the return of previous Ministers. Pedro's luck strikes once again as the Imperial troops join the protests leaving the then-Emperor without any support from the Imperial Army. Pedro's only choice was to abdicate.;;;;;;;;;
pnb_cabanada_desc;\n\nThe Cabanada was a Conservative revolt in the regions of Agreste and Zona da Mata Nordestina that desired the return of Emperor Pedro I to the Brazilian throne, being against the Regencia Trina and Infante Dom Pedro II. The political and social fragility caused by the Emperor's abdication culminated in a Revolution headed by local landlords allied to the "Coluna do Trono do Altar" society in Portugal that sought the return of the now resigned Portuguese Emperor. Landlords have also cut relations with the Engenhos giving the revolt an anti-slavery flavor.;;;;;;;;;
rusga_desc;\n\nSince Brazil's independence, the nation's politics has had two political sects, a Liberal sect that sought higher autonomy for the various Provinces and the leftover Portuguese that defended a more centralized government alongside keeping their privileges. After Pedro's abdication, the country plummeted into turmoil as tensions between these two sects exponentially increased, leading to acts of violence against each other, such as the event known as "Rusga" in Mato Grosso. Fueled by Liberal societies such as "Sociedade dos Zelosos da Independência" and the "Sociedade Filantrópica," the Liberal mob attacked any Portuguese citizen they came across, raiding their homes.;;;;;;;;;
fumaca_desc;\n\nThe Revolta do Ano da Fumaça (Year of Fog) acquired this name due to a thick fog that settled in the province of Minas Gerais during the revolt. The insurrection began when a group of Caramurus, who are Portuguese reactionaries, marched to Ouro Preto, the capital of Minas Gerais. They took advantage of the opportunity presented by the absence of the province's president. The Caramurus received significant popular support, including from Portuguese merchants who were upset about actions taken by the current government that they deemed despotic. Counselor Bernardo Pereira de Vasconcelos led a counter-revolutionary movement in the city of São João D'el Rey and raised an army of six thousand men, which retook Ouro Preto and put an end to the revolt.;;;;;;;;;
great_bsn_uprising_desc;\n\nAfter the Russo-Ottoman war, the Ottoman Empire gave Serbia suzerainty angering the nearby Bosnian populous and landlords. Furthermore, the recent reforms by Mahmud II entailing the expansion of the centralized Nizam, taxes and Ottoman bureaucracy, which weakened the power of Bosniak governors, have all culminated in an uprising led by Gradašcevic: being declared Vizier of Bosnia in front of the Emperor's mosque.;;;;;;;;;
pedro_i;Emperor Dom Pedro I;;;;;;;;;
pedro_i_desc;Pedro I finds himself at odds with the Brazilian people. Many believe he cares more about Portugal than Brazil due to his involvement in the current Portuguese Civil War. His many controversies have caused relentless unrest in the lands of Brazil. Perhaps his only option is to abdicate and sail through the shores of Rio and never return.;;;;;;;;;
ayan_system;Ayan System;;;;;;;;;
ayan_system_desc;The Ottoman Ayan is the class of local nobles who enjoy a significant amount of autonomy.;;;;;;;;;
no_more_janissaries;The End of the Janissaries;;;;;;;;;
no_more_janissaries_desc;With the recent elimination of the janissary forces, our army is in disarray. We have almost no professional forces and few remaining commanders. While our armed forces will recover in time, for now they are significantly weakened.;;;;;;;;;
build_brasilia_desc;Since the governance of Marquês do Pombal in Portugal, there have been talks about a new Brazilian capital. The Father of Brazilian Independence: José Bonifacio was the first to refer to this city as "Brasilia." Such a name comes from the formal demonym for those born in Brazil: "Brasiliense." The Portuguese term "Brasileiro" only defined those who traded or trafficked Brazil-Wood in the 1500s.;;;;;;;;;
brasilia_name_desc;\n\nNow that we have finished building the new capital in the interior, we need to choose a proper name for such a magnificent city. Some suggest we should name it after a well-known figure in our history. While others mention the nation itself as an option, the name "Brasilia" is already in the popular consciousness being a reference to the people themselves.;;;;;;;;;
reform_BRZ_title;Reform Brazil;;;;;;;;;
reform_BRZ_desc;Now that we have united our region, the time has come to reform Brazil!;;;;;;;;;
reform_SWE_title;Reform Sweden;;;;;;;;;
reform_SWE_desc;Now that we have united our region, the time has come to reform Sweden!;;;;;;;;;
reform_RUS_title;Reform Russia;;;;;;;;;
reform_RUS_desc;Now that we have united our region, the time has come to reform Russia!;;;;;;;;;
reform_SPA_title;Reform Spain;;;;;;;;;
reform_SPA_desc;Now that we have united our region, the time has come to reform Spain!;;;;;;;;;
claim_madeira_title;Claim Tefe;;;;;;;;;
claim_madeira_desc;§RGain 1 infamy§! In 1864 the Peruvian government signed a treaty with the Empire of Brazil, giving up its claims over everything west of the Madeira river. We must revoke this treaty and reclaim these lands.;;;;;;;;;
treaty_of_1851_URU_title;The Brazil-Uruguay Border treaty of $YEAR$;;;;;;;;;
treaty_of_1851_URU_desc;Since the "Convênio Preliminar de Paz" in 1838, when the United Kingdom forcefully dismembered the province of Cisplatina from the Brazilian nation, there hasn't been a consensus on where the Brazil-Uruguay border should start and end. Some claim the region between the Quaraí and Arapeí rivers as Brazilian and part of the Riograndense province, hearkening back to the convention of 1819. Others in Uruguay reclaim the old border of the Banda Oriental, pushing Uruguay's boundary to the Ibicuí river. And there are those within the infant oriental republic who claim the entirety of the old Misiones territory. And, of course, who could forget the region of "Campos Neutrais," East of the Mirim Lake. As a showcase of Friendship, we shall send a proposal to the Oriental Republic of Uruguay to sort out our differences and settle the inconclusive boundary between the two countries.;;;;;;;;;
uru_brz_treaty_desc;\n\nThe government of $FROMCOUNTRY$ has proposed a border treaty to end all the senseless bickering between $FROMCOUNTRY$'s and Uruguay's people. Ratifying this treaty would greatly benefit our relationship with $FROMCOUNTRY$. But, doing so means giving up on our so-called "ludicrous" claims on the lands of Misiones and recognise the old "Campos Neutrais" as $FROMCOUNTRY_ADJ$, therefore giving all of the Mirim Lake to $FROMCOUNTRY$. Not ratifying this treaty might not result in an immediate invasion, but it is most probable.;;;;;;;;;
uru_brz_accept_desc;\n\nThe $FROMCOUNTRY_ADJ$ government has agreed to our border treaty. They have already begun demarcating a new border along the Quaraí and Jaguarão rivers.;;;;;;;;;
uru_brz_refuse_desc;\n\nThe $FROMCOUNTRY_ADJ$ government has refused our border treaty! A response to H.M's proposal has arrived at $CAPITAL$ today and had all ministers of government shocked with the immense disrespect coming from $FROMCOUNTRY$. Such cockiness is unacceptable, and we shall deal with according. Push the border to Castilhos!;;;;;;;;;
tratado_lleras_lisboa_title;The Lleras-Lisboa Treaty;;;;;;;;;
tratado_lleras_lisboa_desc;Portugal and Spain failed to define a proper border in the Amazon, and we've inherited these century-old boundary disputes. So many countries claim the harsh soils of the Green Hell, and many haven't recognized our superiority and relinquished their petty boundary claims. One such territory dispute lies around the Japurá river, known in Hispanic nations as the "Yapurá" or "Caqueta" (specifically inside the old territory of Nueva Granada.) As many as four different countries claim these lands, including us. We reached a compromise with two of these nations in the last decade. However, one of them refuses to cooperate with our government. We might convince them to recognise our ownership of the Japurá by sending the Baron of Japurá, Miguel Maria Lisboa, and negotiate a compromise. If they still refuse to cooperate, there shall be consequences they might not enjoy.;;;;;;;;;
lleras_lisboa_desc;\n\n$FROMCOUNTRY$ has proposed a boundary treaty with us to resolve the dispute between our countries in the Amazon. Accepting this treaty would result in recognizing $FROMCOUNTRY_ADJ$ ownership over the Rio Negro and parts of the Caqueta river. In return, $FROMCOUNTRY$ would recognise our rightful claims east of the Apaporis.;;;;;;;;;
lleras_lisboa_refuse_desc;\n\n$FROMCOUNTRY$ has refused our generous treaty. The Amazon shall stay contested between our two nations.;;;;;;;;;
lleras_lisboa_accept_desc;\n\n$FROMCOUNTRY$ has accepted our treaty! Rejoice, O people of $COUNTRY$!;;;;;;;;;
green_hell_explain_desc;\n\nIn GFM, any Amazonian and Matto Grossense land you (Brazil) own has a negative modifier named "The Green Hell." This modifier has three different tiers:\n§BFirst tier:§! Already present when you load a new game as Brazil. It contains a heavy penalty for immigration attraction (-500%) alongside smaller debuffs for assimilation (-30%) and RGO efficiency (-20%). However, it boosts RGO output and throughput by 30%.\n§BSecond tier:§! Unlocked with Organic Chemistry and Prophylaxis against Malaria. It has weaker debuffs for Immigration attraction, assimilation, and RGO efficiency. It does not increase the RGO output and throughput buff.\n§BThird tier:§! The last level is unlocked with the decision "Integrate the Amazon", It removes the immigration, assimilation, and efficiency maluses, turning them into buffs (20%, 30%, and 30%, respectively) while also increasing the output/throughput bonuses to 50%.;;;;;;;;;
green_hell_start;The Green Hell;;;;;;;;;
green_hell_mid;The Green Hell;;;;;;;;;
green_hell_late;The Green Hell;;;;;;;;;
green_hell_expand_desc;We have recently expanded our borders in the Amazon. They shall receive the administrative integration necessary to, in the future, be incorporated into Brazil proper. Military colonies are currently being set up in the newly acquired land to maintain Brazilian control and pacify the feral Indians that still spread across the vast Rainforest. Before long, these lands shall be annexed to the nearby administrations of Matto Grosso, Grão-Pará, and Amazonas.;;;;;;;;;
rio_de_oro_buy_desc;After losing Cuba and the Philippines, Spain has been in dire need of cash. They have therefore inquired as to whether we would buy the Rio do Oro colony from them for 150.000 Talers.;;;;;;;;;
austria_decline_oro_desc;The Austrians have refused to buy the Rio de Oro region, saying that it is a desolate, useless patch of desert.;;;;;;;;;
austria_want_sahara_desc;The Austrians have declined to buy the Rio de Oro region, instead offering to buy all of West Sahara at the same price.;;;;;;;;;
austria_agree_oro_desc;The Austrians have decided to purchase Rio de Oro.;;;;;;;;;
spanish_refuse_oro_desc;After we asked to buy all of West Sahara from Spain, they promptly declined.;;;;;;;;;
spanish_agree_oro_desc;After we asked to buy all of West Sahara from Spain, they accepted the idea.;;;;;;;;;
green_hell_mid_event_desc;\n\nWith the recent advancements in medicinal technology, such as Malaria prophylaxis, the Amazon rainforest and its surrounding regions are becoming less inhospitable. Though tropical diseases still run throughout all of Septentrional Brazil, it won't be long until we turn the barren riverside villages and towns develop into booming hubs of commerce for the untapped potential of the Amazon and its many natural riches.\nIn other news, recent droughts and hardships in the Northeast have also caused a boom in immigration to the now more friendly Amazon. Whilst this might be bad news for the provincial administrations of Pernambuco, Ceara, and other Northeastern provinces, it is a great boom for the regions of Amazonas and Grão-Pará.;;;;;;;;;
integrate_amazon_title;Integrate the Amazon;;;;;;;;;
integrate_amazon_desc;After hundreds of years of colonization, our brave and just people have finally tamed the Amazon. No more do the tropical diseases, unruly Indians, and tropical floods pose a threat to settlement and exploitation of her resources. We have turned the barren and hostile Green Hell into a commercially booming Tropical paradise.;;;;;;;;;
integrate_amz_core_extra_desc;\n\nAfter expanding our territory in the Amazon, the local governments of Matto Grosso, Amazonas, and Grão-Pará have petitioned to annex the newly acquired territories. Doing so will make the administration and colonization of these lands easier for Brazil's government.;;;;;;;;;
core_fuerte_olimpo_title;Claim the Fuerte Olimpo;;;;;;;;;
core_fuerte_olimpo_desc;§RGain 0.5 infamy§! Fuerte Olimpo is a fort on the Paraguayan river founded by the Spaniards in 1792 (then known as Fuerte Borbón). The Spanish designed it to keep Brazilian Bandeirantes and explorers out, protecting the Virreinato de Río del La Plata from further Brazilian excursions. Nowadays, the fort exists as a Brazilian free port controlled by the government of Paraguay.\n\nHowever, Paraguay's government is volatile at best. Their protectionist and isolationist policies make it difficult to protect Brazilian interests in the country, especially in the still unruly Gran Chaco. It might be best to assume direct control over the port, protecting Brazilian commerce in the region at all costs and expanding our influence in the Chaco.;;;;;;;;;
core_prg_chaco_brz_title;Advance into Bahía Negra;;;;;;;;;
core_prg_chaco_brz_desc;§RGain 4.5 infamy§! While we have assumed direct control over Forte Olímpo, other nations were faster at colonizing the Chaco, which is unacceptable. We shall make known to these nations and the entire world that the lands of the Chaco are Brazilian.;;;;;;;;;
core_chaco_all_title;Claim the Chaco Austral;;;;;;;;;
core_chaco_all_desc;§RGain 5 infamy§! We're one step away from controlling the entirety of the Chaco region. Unfortunately, the Argentinian scum has gotten to Chaco Austral before we have. The Brazilian nation will not accept such arrogance from the government in Buenos Aires, and the entirety of the Chaco shall soon be ours.;;;;;;;;;
create_prn_title;The political emancipation of Paraná;;;;;;;;;
create_prn_desc;The autonomy of the Comarca de Curityba e Paranaguá, currently part of the province of São Paulo, has been brought up many times since its annexation into the Capitania de São Vincente. Politicians from the cities of Curityba and Paranaguá have questioned the central government since 1811, demanding autonomy from the government in São Paulo. \n\nRecently, the province of São Paulo, discontent with the conservative bias in the government, launched an armed revolt alongside the province of Minas Geraes against the government in Rio de Janeiro, causing some deputies to demand the emancipation of Curityba and Paranaguá as punishment for the 1840s Liberal revolts. Doing so, however, would make political leaders from São Paulo and Santa Catharina (the latter of which the Comarca has disputed lands with) quite angry at us.;;;;;;;;;
fra_border_suriname_title;The French-Surinam Dispute;;;;;;;;;
fra_border_suriname_desc;The boundary between the two colonies was mainly ignored throughout the 17th and 18th centuries. The Dutch had loose claims to the regions west of the Sinnamary river until the Maroni river was decided as the boundary between the two colonies. \n\nRecently, colonists in the New World Settlement of Guyane have begun questioning what tributary of the Maroni should constitute the border between it and Surinam. The question is whether the Tapanahony or Lawa rivers should be considered Maroni's headwater and, therefore, serve as the border between our two colonies. We should contact the Dutch government to form a mixed French-Dutch commission to settle this dispute peacefully.;;;;;;;;;
fra_dispute_suriname_title;Dispute the lands of Tapanahony;;;;;;;;;
fra_dispute_suriname_desc;A gold rush has struck the lands West of the Tapanahony tributary in Surinam. With it, the government in Cayanne has contacted us, urging the French Government to lay claim on the Tapanahony once again, recognizing it as the righteous border between Surinam and Guyane. Doing so would upset the Netherlands and go against the previously agreed boundary between our colonies, the Lawa tributary, decided with a mixed French-Dutch commission not long ago.;;;;;;;;;
1830_research_bad;1830 Research balancing;;;;;;;;;
rgs_coal_title;Incentivize coal mining near the Jacuí river;;;;;;;;
rgs_coal_desc;§R(Pay or owe 300,000¤)§! \n Influential industrialists in our government believe our national industry has become too reliant on imported coal. Therefore, we have employed geologists on a mission to discover coal deposits in our nation. They've since returned with a map detailing possible coal deposits in the region close to the Jacuí River. However, currently, the region lacks the infrastructure and funding to start mining operations. Should the government provide the money and infrastructure necessary, it would aid our industry in becoming independent of imported coal, along with improving the local economy.;;;;;;;;
rumor_rgs_desc;\n\nRumors in the province of São Pedro do Rio Grande do Sul have spread that Major João Manuel de Lima e Silva is planning a revolution against the Brazilian monarchy. João is the leader of the German mercenaries of the "Batalhão de Caçadores Alemães". It wouldn't be the first time mercenaries have revolted against the national government. Over 3,000 German, Irish, and Italian mercenaries, commanded by August von Steinhousen and backed by the Argentine Confederation, declared a mutiny in the capital of Rio de Janeiro, lasting 3 days. We do not have concrete evidence of João's involvement in a ploy to dethrone the monarch. However, if we do not arrest these foreigners, support for their supposed cause might expand and reach the Liberal elite, possibly causing a large-scale provincial revolt.;;;;;;;;;;;;;
early_farrapos_desc;\n\nBlast! German mercenaries commanded by Major João Manuel de Lima e Silva have surprised Brazilian authorities by storming the capital of Porto Alegre, proclaiming the independent "Riograndensische Republik" and declaring war on the Brazilian nation! These knaves think themselves worthy of defying our magnanimous Emperor with their talks of the disease of "Republicanism" that plagues our Hispanic neighbors. These mercenaries and their traitorous leader should be put down as fast as possible!;;;;;;;;;;;;;
PPG_communist;Communists;;;;;;;;
PPG_fascist;Fascists;;;;;;;;
madagascar_purchase_title;Purchase the Island of Madagascar;;;;;;;
madagascar_purchase_desc;Purchase the Island of Madagascar;;;;;;;
VTNAME1500000;The Madagascar Purchase;;;;;;;;;;;;;
EVTDESC1500000;\n\nThe Ministry of Foreign Affairs was recently approached by the government of Boer South Africa with an interesting proposal. The Boers, citing our cordial relations and the precedent of the Louisiana Purchase, propose that we transfer the protectorate over Madagascar to them, in exchange for a large sum of money. The ministry of Foreign Affairs is divided over the question. Some argue that the protectorate is a money sink, and that good relations with the ascendant Boer regional hegemon are worth losing Madagascar's strategic position over. Others argue that we should not part with an inch of rightful French territory, pointing out that Louisiana turned into a great economic boon for the Americans with the right investment. A decision must now be made: what do we tell the Boers?;;;;;;;;;;;;;
EVT1500000OPTA;Sell it, it's a waste of money anyways.;;;;;;;;;;;;;
EVT1500000OPTB;French blood was spilled to gain Madagascar. We will not part with it.;;;;;;;;;;;;;
EVTNAME1500001;The French Accept!;;;;;;;;;;;;;
EVTDESC1500001;\n\nMadagascar is ours! The French Ministry of Foreign Affairs has informed us of their government's acceptance of our offer, and the protectorate will be officially transferred to us. This is a great day for our nation! The Voortrekker spirit marches on!;;;;;;;;;;;;;
EVT1500001OPTA;Honey! Get my covered wagon!;;;;;;;;;;;;;
EVTNAME1500002;The French Refuse!;;;;;;;;;;;;;
EVTDESC1500002;\n\nUnfortunate news has come from the Foreign Ministry today: the French have refused our offer to purchase Madagascar. This setback has endangered the prospects of ever establishing our own overseas colony, and already some warhawks are calling for... alternative methods of acquisition.;;;;;;;;;;;;;
EVT1500002OPTA;We are a culturally European nation, and we will have colonies of our own, one way or another.;;;;;;;;;;;;;
ryukyu_slot_1;§bThe islands of§p;;;;;;;;;;;;;
ryukyu_slot_2;have been brought under the control of the§g;;;;;;;;;;;;;
ryukyu_slot_3;We've already dispatched bureaucrats to§p;;;;;;;;;;;;;
ryukyu_slot_4;to further integrate its land;;;;;;;;;;;;;
ryukyu_slot_5;and the world will be informed of our legitimate claim to§p;;;;;;;;;;;;;
ryukyu_end;and its surrounding islands;;;;;;;;;;;;;
ryukyu_dynamic_test;gains cores on;;;;;;;;;;;;;
native_option_text;Review possible treaty options...;;;;;;;;;;;;;
chilean;Chilean;;;;;;;;;;;;;
tawantinsuyu_reborn_title;Tawantinsuyu Reborn;;;;;;;;;;;;;
tawantinsuyu_reborn_desc;Text will be added soon, sorry!;;;;;;;;;;;;;
tawantinsuyu_empire;Tawantinsuyu Reborn;;;;;;;;;;;;;
colonial_formosa_mockup;\n\nWe continue our colonial advancements on the Island of Formosa.;;;;;;;;;;;;;
UK_reclaim_ireland_title;Reclaim Ireland;;;;;;;;;;;
UK_reclaim_ireland_desc;Ever since the Union of the Crowns, we Britons have been aware that it is our divine commandment to bring peace, order, and justice to these islands. Even with Ireland unjustly separated from our nation, and the humiliation this false division brought to us, we didn't forget our duty towards the Irish. Now that we have recovered our strength, let us restore the Union of 1800, for it is the destiny of Great Britain and Ireland to be united forevermore.;;;;;;;;;;;;;
